gene	in_raghunath	in_baxter	in_gwas	in_bajpai	n_studies	chrom	start	end	strand	ensembl_id	coord_source	reference_genome
SDF4	0	1	0	0	1	1	1216887	1238870	-	ENSG00000078808	mygene.info	GRCh38
MIB2	0	1	1	0	2	1	1615434	1630610	+	ENSG00000197530	mygene.info	GRCh38
PRKCZ	1	0	0	0	1	chr1	2040411	2195395			gene_regions_bed	GRCh38
DFFB	1	0	0	0	1	chr1	3847267	3895429			gene_regions_bed	GRCh38
SLC45A1	0	0	1	0	1	1	8318104	8344167	+	ENSG00000162426	mygene.info	GRCh38
LZIC	0	0	0	1	1	1	9922113	9943407	-	ENSG00000162441	mygene.info	GRCh38
DFFA	1	0	0	0	1	chr1	10446522	10482549			gene_regions_bed	GRCh38
SRM	0	1	0	0	1	1	11054584	11060053	-	ENSG00000116649	mygene.info	GRCh38
CASP9	1	0	0	0	1	chr1	15480832	15536534			gene_regions_bed	GRCh38
ZBTB17	0	1	0	0	1	1	15940403	15976132	-	ENSG00000116809	mygene.info	GRCh38
PADI3	0	0	1	0	1	1	17249098	17284233	+	ENSG00000142619	mygene.info	GRCh38
PAX7	0	1	0	0	1	1	18630846	18748876	+	ENSG00000009709	mygene.info	GRCh38
ECE1	0	1	0	0	1	1	21217247	21345572	-	ENSG00000117298	mygene.info	GRCh38
USP48	0	1	0	0	1	1	21678298	21783606	-	ENSG00000090686	mygene.info	GRCh38
CDC42	1	1	0	0	2	chr1	22042627	22111360			gene_regions_bed	GRCh38
HNRNPR	0	0	0	1	1	1	23303771	23344358	-	ENSG00000282958	mygene.info	GRCh38
PAQR7	0	1	0	0	1	1	25861484	25875874	-	ENSG00000182749	mygene.info	GRCh38
RPS6KA1	1	0	0	0	1	chr1	26519756	26585030			gene_regions_bed	GRCh38
GPATCH3	0	1	0	0	1	1	26890488	26900467	-	ENSG00000198746	mygene.info	GRCh38
STX12	0	1	0	0	1	1	27773195	27824443	+	ENSG00000117758	mygene.info	GRCh38
TRNAU1AP	0	0	0	1	1	1	28553001	28578545	+	ENSG00000180098	mygene.info	GRCh38
MATN1	0	1	0	0	1	1	30711277	30723585	-	ENSG00000162510	mygene.info	GRCh38
KHDRBS1	0	0	0	1	1	1	32013687	32060850	+	ENSG00000121774	mygene.info	GRCh38
CCDC28B	0	1	0	0	1	1	32200383	32205453	+	ENSG00000160050	mygene.info	GRCh38
EIF3I	0	1	0	0	1	1	32221077	32245397	+	ENSG00000084623	mygene.info	GRCh38
HDAC1	0	1	0	0	1	1	32291921	32333635	+	ENSG00000116478	mygene.info	GRCh38
GJA4	0	1	0	0	1	1	34792997	34795756	+	ENSG00000187513	mygene.info	GRCh38
SFPQ	0	1	0	0	1	1	35176378	35193446	-	ENSG00000116560	mygene.info	GRCh38
TFAP2E	0	1	0	0	1	1	35573314	35595328	+	ENSG00000116819	mygene.info	GRCh38
INPP5B	0	1	0	0	1	1	37860696	37947077	-	ENSG00000204084	mygene.info	GRCh38
ZMPSTE24	0	1	0	0	1	1	40258041	40294180	+	ENSG00000084073	mygene.info	GRCh38
SLC2A1	0	1	0	0	1	1	42925353	42958893	-	ENSG00000117394	mygene.info	GRCh38
EBNA1BP2	0	1	0	0	1	1	43164175	43270936	-	ENSG00000117395	mygene.info	GRCh38
SZT2	0	1	0	0	1	1	43389882	43454247	+	ENSG00000198198	mygene.info	GRCh38
ATP6V0B	0	1	0	0	1	1	43974487	43978295	+	ENSG00000117410	mygene.info	GRCh38
PTCH2	0	1	0	0	1	1	44819154	44843253	-	ENSG00000117425	mygene.info	GRCh38
MAGOH	0	1	0	0	1	1	53226890	53238621	-	ENSG00000162385	mygene.info	GRCh38
MYSM1	0	1	0	0	1	1	58643440	58700090	-	ENSG00000162601	mygene.info	GRCh38
JUN	1	0	0	0	1	chr1	58766845	58794048			gene_regions_bed	GRCh38
DOCK7	0	1	0	0	1	1	62454298	62688464	-	ENSG00000116641	mygene.info	GRCh38
FOXD3	0	1	0	0	1	1	63322567	63325128	+	ENSG00000187140	mygene.info	GRCh38
JAK1	1	0	0	0	1	chr1	64823223	65077754			gene_regions_bed	GRCh38
GADD45A	1	0	0	0	1	chr1	67675201	67698334			gene_regions_bed	GRCh38
PTGER3	1	0	0	0	1	chr1	70842353	71057816			gene_regions_bed	GRCh38
PIGK	0	1	0	0	1	1	77088987	77219508	-	ENSG00000142892	mygene.info	GRCh38
MCOLN3	0	1	0	0	1	1	85018082	85048679	-	ENSG00000055732	mygene.info	GRCh38
PKN2	0	1	0	0	1	1	88684222	88836255	+	ENSG00000065243	mygene.info	GRCh38
GNAI3	0	1	0	0	1	1	109548584	109600195	+	ENSG00000065135	mygene.info	GRCh38
GNAT2	0	1	0	0	1	1	109601407	109619929	-	ENSG00000134183	mygene.info	GRCh38
ALX3	0	1	0	0	1	1	110059870	110070672	-	ENSG00000156150	mygene.info	GRCh38
RAP1A	1	0	0	0	1	chr1	111532218	111726691			gene_regions_bed	GRCh38
TRIM33	0	1	0	0	1	1	114392781	114511244	-	ENSG00000197323	mygene.info	GRCh38
NRAS	0	1	0	0	1	1	114704469	114716771	-	ENSG00000213281	mygene.info	GRCh38
NGF	1	0	0	0	1	chr1	115275904	115348770			gene_regions_bed	GRCh38
VANGL1	0	1	0	0	1	1	115641854	115698224	+	ENSG00000173218	mygene.info	GRCh38
ATP1A1	0	1	0	0	1	1	116372668	116410261	+	ENSG00000163399	mygene.info	GRCh38
TBX15	0	1	0	0	1	1	118883046	118989556	-	ENSG00000092607	mygene.info	GRCh38
HSD3B1	0	1	0	0	1	1	119507198	119515054	+	ENSG00000203857	mygene.info	GRCh38
NOTCH2	0	1	0	0	1	1	119911553	120100779	-	ENSG00000134250	mygene.info	GRCh38
PIAS3	1	0	0	0	1	chr1	145838521	145869836			gene_regions_bed	GRCh38
GJA5	0	1	0	0	1	1	147756199	147773362	-	ENSG00000265107	mygene.info	GRCh38
RPRD2	0	0	0	1	1	1	150363091	150476566	+	ENSG00000163125	mygene.info	GRCh38
MCL1	1	0	0	0	1	chr1	150550895	150589738			gene_regions_bed	GRCh38
POGZ	0	1	0	0	1	1	151402724	151459494	-	ENSG00000143442	mygene.info	GRCh38
IVL	1	0	0	0	1	1	152908546	152911886	+	ENSG00000163207	mygene.info	GRCh38
IL6R	1	0	0	0	1	chr1	154395193	154479450			gene_regions_bed	GRCh38
ADAR	0	1	0	0	1	1	154581695	154628013	-	ENSG00000160710	mygene.info	GRCh38
RIT1	0	1	0	0	1	1	155897808	155911408	-	ENSG00000143622	mygene.info	GRCh38
LMNA	0	1	0	0	1	1	156082572	156140081	+	ENSG00000160789	mygene.info	GRCh38
NTRK1	1	0	0	0	1	chr1	156805636	156891850			gene_regions_bed	GRCh38
COPA	0	1	0	0	1	1	160288594	160343566	-	ENSG00000122218	mygene.info	GRCh38
NCSTN	0	1	0	0	1	1	160343294	160358957	+	ENSG00000162736	mygene.info	GRCh38
USF1	1	0	0	0	1	chr1	161029249	161055977			gene_regions_bed	GRCh38
LMX1A	0	1	0	0	1	1	165201867	165356715	-	ENSG00000162761	mygene.info	GRCh38
GPR161	0	1	0	0	1	1	168079542	168137685	-	ENSG00000143147	mygene.info	GRCh38
TBX19	0	1	0	0	1	1	168280877	168314426	+	ENSG00000143178	mygene.info	GRCh38
FASLG	1	0	0	0	1	chr1	172649102	172676876			gene_regions_bed	GRCh38
COP1	0	1	0	0	1	1	175944828	176207510	-	ENSG00000143207	mygene.info	GRCh38
SMG7	0	0	0	1	1	1	183471957	183598246	+	ENSG00000116698	mygene.info	GRCh38
RNF2	0	1	0	0	1	1	185044865	185102603	+	ENSG00000121481	mygene.info	GRCh38
PTGS2	1	0	0	0	1	chr1	186661791	186690922			gene_regions_bed	GRCh38
CDC73	0	1	0	0	1	1	193115732	193264613	+	ENSG00000134371	mygene.info	GRCh38
SHISA4	0	0	0	1	1	1	201888679	201892587	+	ENSG00000198892	mygene.info	GRCh38
MDM4	0	1	0	0	1	1	204516369	204558120	+	ENSG00000198625	mygene.info	GRCh38
DSTYK	0	1	1	0	2	1	205142505	205211709	-	ENSG00000133059	mygene.info	GRCh38
IL10	1	0	0	0	1	chr1	206757602	206784541			gene_regions_bed	GRCh38
CR1L	0	0	1	0	1	1	207645113	207738416	+	ENSG00000197721	mygene.info	GRCh38
DEGS1	0	0	0	1	1	1	224175756	224193441	+	ENSG00000143753	mygene.info	GRCh38
PSEN2	0	1	0	0	1	1	226870184	226927726	+	ENSG00000143801	mygene.info	GRCh38
WNT3A	0	1	0	0	1	1	228006924	228061271	+	ENSG00000154342	mygene.info	GRCh38
DISC1	0	1	0	0	1	1	231626790	232041272	+	ENSG00000162946	mygene.info	GRCh38
IRF2BP2	0	0	0	1	1	1	234602300	234610178	-	ENSG00000168264	mygene.info	GRCh38
LYST	0	1	0	1	2	1	235661041	235883724	-	ENSG00000143669	mygene.info	GRCh38
EDARADD	0	1	0	0	1	1	236348257	236502915	+	ENSG00000186197	mygene.info	GRCh38
PXDN	0	1	0	0	1	2	1631887	1744852	-	ENSG00000130508	mygene.info	GRCh38
RPS7	0	1	0	0	1	2	3575198	3580952	+	ENSG00000171863	mygene.info	GRCh38
COLEC11	0	1	0	0	1	2	3592791	3644649	+	ENSG00000118004	mygene.info	GRCh38
ADAM17	0	1	0	0	1	2	9488486	9556732	-	ENSG00000151694	mygene.info	GRCh38
POMC	0	1	0	0	1	2	25160853	25168903	-	ENSG00000115138	mygene.info	GRCh38
MPV17	0	1	0	0	1	2	27309486	27325680	-	ENSG00000115204	mygene.info	GRCh38
FOSL2	0	0	1	0	1	2	28392448	28417317	+	ENSG00000075426	mygene.info	GRCh38
MEMO1	0	1	0	0	1	2	31865060	32011230	-	ENSG00000162959	mygene.info	GRCh38
MSH2	0	1	0	0	1	2	47403067	47663146	+	ENSG00000095002	mygene.info	GRCh38
MSH6	0	1	0	0	1	2	47695530	47810109	+	ENSG00000116062	mygene.info	GRCh38
WDPCP	0	1	0	0	1	2	63119559	63827843	-	ENSG00000143951	mygene.info	GRCh38
VPS54	0	0	0	1	1	2	63892146	64019476	-	ENSG00000143952	mygene.info	GRCh38
RAB1A	0	1	0	0	1	2	65070696	65130986	-	ENSG00000138069	mygene.info	GRCh38
ACTR2	0	0	0	1	1	2	65227745	65271253	+	ENSG00000138071	mygene.info	GRCh38
GFPT1	0	1	0	0	1	2	69319780	69387281	-	ENSG00000198380	mygene.info	GRCh38
NOTO	0	1	0	0	1	2	73202574	73212513	+	ENSG00000214513	mygene.info	GRCh38
TET3	0	1	0	0	1	2	73984910	74108177	+	ENSG00000187605	mygene.info	GRCh38
DCTN1	0	1	0	0	1	2	74361154	74392087	-	ENSG00000204843	mygene.info	GRCh38
ST3GAL5	0	1	0	0	1	2	85837120	85905199	-	ENSG00000115525	mygene.info	GRCh38
POLR1A	0	1	0	0	1	2	86020216	86106155	-	ENSG00000068654	mygene.info	GRCh38
SEMA4C	0	1	0	0	1	2	96859718	96873840	-	ENSG00000168758	mygene.info	GRCh38
IL1R1	1	0	0	0	1	chr2	102053933	102189874			gene_regions_bed	GRCh38
EDAR	0	1	0	0	1	2	108894471	108989372	-	ENSG00000135960	mygene.info	GRCh38
BCL2L11	0	1	0	0	1	2	111119378	111168444	+	ENSG00000153094	mygene.info	GRCh38
IL1A	1	0	0	0	1	chr2	112763925	112794493			gene_regions_bed	GRCh38
ACTR3	0	0	0	1	1	2	113889600	113962596	+	ENSG00000115091	mygene.info	GRCh38
CCDC93	0	0	0	1	1	2	117915478	118014192	-	ENSG00000125633	mygene.info	GRCh38
EN1	0	1	0	0	1	2	118842171	118847648	-	ENSG00000163064	mygene.info	GRCh38
ERCC3	0	1	0	0	1	2	127257285	127294188	-	ENSG00000163161	mygene.info	GRCh38
TMEM163	0	0	1	1	2	2	134455759	134719100	-	ENSG00000152128	mygene.info	GRCh38
UBXN4	0	1	0	0	1	2	135741631	135785063	+	ENSG00000144224	mygene.info	GRCh38
ZEB2	0	1	0	0	1	2	144364364	144521057	-	ENSG00000169554	mygene.info	GRCh38
ACVR2A	0	1	0	0	1	2	147844378	147930826	+	ENSG00000121989	mygene.info	GRCh38
ATF2	1	0	0	0	1	chr2	175062250	175178382			gene_regions_bed	GRCh38
SLC40A1	0	1	0	0	1	2	189560538	189583758	-	ENSG00000138449	mygene.info	GRCh38
STAT1	1	0	0	0	1	chr2	190898460	191030960			gene_regions_bed	GRCh38
SF3B1	0	1	0	0	1	2	197388515	197435079	-	ENSG00000115524	mygene.info	GRCh38
CFLAR	1	0	0	0	1	chr2	201106154	201186687			gene_regions_bed	GRCh38
CASP8	1	0	0	0	1	chr2	201223443	201371836			gene_regions_bed	GRCh38
BMPR2	0	1	0	0	1	2	202376327	202567751	+	ENSG00000204217	mygene.info	GRCh38
RAPH1	0	1	0	0	1	2	203394345	203535451	-	ENSG00000173166	mygene.info	GRCh38
CTLA4	0	1	0	0	1	2	203853888	203873965	+	ENSG00000163599	mygene.info	GRCh38
CREB1	1	0	0	0	1	chr2	207519737	207615988			gene_regions_bed	GRCh38
PIKFYVE	0	1	0	0	1	2	208266234	208358755	+	ENSG00000115020	mygene.info	GRCh38
SPAG16	0	0	0	1	1	2	213284389	214410501	+	ENSG00000144451	mygene.info	GRCh38
ABCA12	0	1	0	0	1	2	214931542	215138626	-	ENSG00000144452	mygene.info	GRCh38
MREG	0	1	0	0	1	2	215942584	216034096	-	ENSG00000118242	mygene.info	GRCh38
SMARCAL1	0	1	0	0	1	2	216412383	216483056	+	ENSG00000138375	mygene.info	GRCh38
ABCB6	0	1	0	0	1	2	219209766	219219012	-	ENSG00000115657	mygene.info	GRCh38
EPHA4	0	0	1	0	1	2	221418027	221574202	-	ENSG00000116106	mygene.info	GRCh38
PAX3	1	1	1	0	3	chr2	222189887	222308998			gene_regions_bed	GRCh38
WDFY1	0	0	0	1	1	2	223855716	223945357	-	ENSG00000085449	mygene.info	GRCh38
KCNJ13	0	1	0	0	1	2	232765802	232776565	-	ENSG00000115474	mygene.info	GRCh38
DGKD	0	0	0	1	1	2	233354484	233472104	+	ENSG00000077044	mygene.info	GRCh38
SH3BP4	0	1	0	0	1	2	234952017	235055714	+	ENSG00000130147	mygene.info	GRCh38
MLPH	0	1	0	0	1	2	237485428	237555322	+	ENSG00000115648	mygene.info	GRCh38
RAB17	0	1	0	0	1	2	237574322	237601623	-	ENSG00000124839	mygene.info	GRCh38
HDAC4	0	0	0	1	1	2	239048168	239401661	-	ENSG00000068024	mygene.info	GRCh38
ARL8B	0	0	0	1	1	3	5122249	5180911	+	ENSG00000134108	mygene.info	GRCh38
ARPC4	0	0	0	1	1	3	9792493	9807107	+	ENSG00000241553	mygene.info	GRCh38
ARPC4-TTLL3	0	0	0	1	1	3	9793082	9835401	+	ENSG00000250151	mygene.info	GRCh38
FANCD2	0	1	0	0	1	3	10026370	10101937	+	ENSG00000144554	mygene.info	GRCh38
ATG7	0	1	0	0	1	3	11272309	11557665	+	ENSG00000197548	mygene.info	GRCh38
RAF1	1	1	0	0	2	chr3	12572101	12674201			gene_regions_bed	GRCh38
WNT7A	0	1	0	0	1	3	13816258	13880071	-	ENSG00000154764	mygene.info	GRCh38
XPC	0	1	0	0	1	3	14145145	14178652	-	ENSG00000154767	mygene.info	GRCh38
BTD	0	1	0	0	1	3	15601341	15722311	+	ENSG00000169814	mygene.info	GRCh38
TBC1D5	0	0	0	1	1	3	17157162	18444817	-	ENSG00000131374	mygene.info	GRCh38
TGFBR2	0	1	0	0	1	3	30606478	30694249	+	ENSG00000163513	mygene.info	GRCh38
MLH1	0	1	0	0	1	3	36993226	37050896	+	ENSG00000076242	mygene.info	GRCh38
MYRIP	0	1	0	0	1	3	39808914	40260321	+	ENSG00000170011	mygene.info	GRCh38
CTNNB1	1	1	0	0	2	chr3	41184741	41270096			gene_regions_bed	GRCh38
SLC26A6	0	0	0	1	1	3	48625718	48635493	-	ENSG00000225697	mygene.info	GRCh38
RHOA	1	0	0	0	1	chr3	49349136	49422998			gene_regions_bed	GRCh38
GMPPB	0	1	0	0	1	3	49716844	49723985	-	ENSG00000173540	mygene.info	GRCh38
RBM5	0	0	0	1	1	3	50088919	50119021	+	ENSG00000003756	mygene.info	GRCh38
PARP3	0	1	0	0	1	3	51942252	51948871	+	ENSG00000041880	mygene.info	GRCh38
PRKCD	1	0	0	0	1	chr3	53146009	53202717			gene_regions_bed	GRCh38
WNT5A	1	0	0	0	1	chr3	55455715	55500539			gene_regions_bed	GRCh38
PDHB	0	1	0	0	1	3	58427630	58434012	-	ENSG00000168291	mygene.info	GRCh38
PRICKLE2	0	1	0	0	1	3	64092236	64445476	-	ENSG00000163637	mygene.info	GRCh38
ADAMTS9	0	1	0	0	1	3	64515654	64688000	-	ENSG00000163638	mygene.info	GRCh38
KBTBD8	0	1	0	0	1	3	66998307	67011210	+	ENSG00000163376	mygene.info	GRCh38
MITF	1	1	0	0	2	chr3	69728536	69978336			gene_regions_bed	GRCh38
C3ORF38	0	1	0	0	1	3	88149647	88168729	+	ENSG00000179021	mygene.info	GRCh38
ARL6	0	1	0	0	1	3	97764521	97801229	+	ENSG00000113966	mygene.info	GRCh38
RPL24	0	1	0	0	1	3	101681091	101686757	-	ENSG00000114391	mygene.info	GRCh38
ALCAM	0	1	0	0	1	3	105366706	105576909	+	ENSG00000170017	mygene.info	GRCh38
IGSF11	0	1	0	0	1	3	118900557	119146068	-	ENSG00000144847	mygene.info	GRCh38
POGLUT1	0	1	0	0	1	3	119468963	119494708	+	ENSG00000163389	mygene.info	GRCh38
GSK3B	1	0	0	0	1	chr3	119811321	120104994			gene_regions_bed	GRCh38
ADCY5	0	1	0	0	1	3	123282296	123449090	-	ENSG00000173175	mygene.info	GRCh38
MCM2	0	1	0	0	1	3	127598223	127622437	+	ENSG00000073111	mygene.info	GRCh38
RAB7A	0	1	0	1	2	3	128693669	128825942	+	ENSG00000075785	mygene.info	GRCh38
IFT122	0	1	0	0	1	3	129429607	129520510	+	ENSG00000163913	mygene.info	GRCh38
DNAJC13	0	0	0	1	1	3	132417502	132539032	+	ENSG00000138246	mygene.info	GRCh38
COPB2	0	1	0	0	1	3	139353942	139389736	-	ENSG00000184432	mygene.info	GRCh38
ZBTB38	0	0	1	0	1	3	141324154	141449792	+	ENSG00000177311	mygene.info	GRCh38
ATR	0	1	0	0	1	3	142449007	142578781	-	ENSG00000175054	mygene.info	GRCh38
HPS3	0	1	0	1	2	3	149129618	149173732	+	ENSG00000163755	mygene.info	GRCh38
COMMD2	0	0	0	1	1	3	149734667	149752495	-	ENSG00000114744	mygene.info	GRCh38
SLC33A1	0	0	0	1	1	3	155821024	155854456	-	ENSG00000169359	mygene.info	GRCh38
GMPS	0	1	0	0	1	3	155870591	155944020	+	ENSG00000163655	mygene.info	GRCh38
IL12A	1	0	0	0	1	chr3	159978835	160006019			gene_regions_bed	GRCh38
PDCD10	0	0	0	1	1	3	167683298	167735039	-	ENSG00000114209	mygene.info	GRCh38
SERPINI1	0	0	1	0	1	3	167735068	167825573	+	ENSG00000163536	mygene.info	GRCh38
TBL1XR1	0	0	0	1	1	3	177019340	177228000	-	ENSG00000177565	mygene.info	GRCh38
PIK3CA	1	0	0	0	1	chr3	179138114	179250093			gene_regions_bed	GRCh38
USP13	0	1	0	0	1	3	179653004	179804366	+	ENSG00000058056	mygene.info	GRCh38
SOX2	0	1	0	0	1	3	181711925	181714436	+	ENSG00000181449	mygene.info	GRCh38
ECE2	0	1	0	0	1	3	184275531	184293031	+	ENSG00000145194	mygene.info	GRCh38
LIPH	0	1	0	0	1	3	185506262	185552617	-	ENSG00000163898	mygene.info	GRCh38
MASP1	0	1	0	0	1	3	187217282	187291980	-	ENSG00000127241	mygene.info	GRCh38
TP63	0	1	0	0	1	3	189631389	189897276	+	ENSG00000073282	mygene.info	GRCh38
HES1	0	1	0	0	1	3	194136142	194138732	+	ENSG00000114315	mygene.info	GRCh38
LMLN	0	1	0	0	1	3	197960200	198043720	+	ENSG00000185621	mygene.info	GRCh38
IDUA	0	1	0	0	1	4	986997	1008344	+	ENSG00000127415	mygene.info	GRCh38
UVSSA	0	1	0	0	1	4	1345691	1395989	+	ENSG00000163945	mygene.info	GRCh38
FGFR3	0	1	0	0	1	4	1793286	1808873	+	ENSG00000068078	mygene.info	GRCh38
HAUS3	0	0	0	1	1	4	2227464	2242133	-	ENSG00000214367	mygene.info	GRCh38
HTT	0	1	0	0	1	4	3041363	3243957	+	ENSG00000197386	mygene.info	GRCh38
BLOC1S4	0	1	0	0	1	4	6716174	6717664	+	ENSG00000186222	mygene.info	GRCh38
PPARGC1A	0	1	0	0	1	4	23755041	23904089	-	ENSG00000109819	mygene.info	GRCh38
RBPJ	0	1	0	0	1	4	26163455	26435131	+	ENSG00000168214	mygene.info	GRCh38
COMMD8	0	0	0	1	1	4	47450787	47463730	-	ENSG00000169019	mygene.info	GRCh38
CORIN	0	1	0	0	1	4	47593999	47838132	-	ENSG00000145244	mygene.info	GRCh38
FRYL	0	0	0	1	1	4	48497357	48780322	-	ENSG00000075539	mygene.info	GRCh38
FIP1L1	0	0	0	1	1	4	53377562	53464382	+	ENSG00000145216	mygene.info	GRCh38
KIT	1	1	0	0	2	chr4	54647267	54750783			gene_regions_bed	GRCh38
PAICS	0	1	0	0	1	4	56435058	56464578	+	ENSG00000128050	mygene.info	GRCh38
REST	0	1	0	0	1	4	56907876	56966808	+	ENSG00000084093	mygene.info	GRCh38
IGFBP7	0	1	0	0	1	4	57030766	57110690	-	ENSG00000163453	mygene.info	GRCh38
SCARB2	0	1	0	0	1	4	76158737	76234536	-	ENSG00000138760	mygene.info	GRCh38
SEC31A	0	0	0	1	1	4	82818081	82901166	-	ENSG00000138674	mygene.info	GRCh38
PPP3CA	1	0	0	0	1	chr4	101013409	101358278			gene_regions_bed	GRCh38
NFKB1	1	0	0	0	1	chr4	102490937	102627302			gene_regions_bed	GRCh38
CISD2	0	1	0	0	1	4	102868971	102892807	+	ENSG00000145354	mygene.info	GRCh38
TET2	0	1	0	0	1	4	105145875	105279816	+	ENSG00000168769	mygene.info	GRCh38
LEF1	0	1	1	0	2	4	108047545	108168956	-	ENSG00000138795	mygene.info	GRCh38
ENPEP	0	0	1	0	1	4	110365733	110565285	+	ENSG00000138792	mygene.info	GRCh38
LARP7	0	1	0	0	1	4	112636990	112657858	+	ENSG00000174720	mygene.info	GRCh38
USP53	0	1	0	0	1	4	119212128	119295518	+	ENSG00000145390	mygene.info	GRCh38
BBS7	0	1	0	0	1	4	121824329	121870494	-	ENSG00000138686	mygene.info	GRCh38
PLK4	0	1	0	0	1	4	127880890	127899224	+	ENSG00000142731	mygene.info	GRCh38
PCDH10	0	1	0	0	1	4	133149294	133208606	+	ENSG00000138650	mygene.info	GRCh38
SLC7A11	0	1	0	0	1	4	138164097	138242349	-	ENSG00000151012	mygene.info	GRCh38
GAB1	1	0	0	0	1	chr4	143326402	143484565			gene_regions_bed	GRCh38
SMARCA5	0	1	0	0	1	4	143513445	143557486	+	ENSG00000153147	mygene.info	GRCh38
RAPGEF2	0	1	0	0	1	4	159103013	159360174	+	ENSG00000109756	mygene.info	GRCh38
MSMO1	0	0	0	1	1	4	165327667	165343180	+	ENSG00000052802	mygene.info	GRCh38
SPCS3	0	0	0	1	1	4	176319966	176332245	+	ENSG00000129128	mygene.info	GRCh38
TENM3	0	1	0	0	1	4	182143918	182803024	+	ENSG00000218336	mygene.info	GRCh38
CASP3	1	0	0	0	1	chr4	184617695	184660418			gene_regions_bed	GRCh38
TERT	0	1	0	0	1	5	1253147	1295085	-	ENSG00000164362	mygene.info	GRCh38
IRX2	0	1	0	0	1	5	2741794	2751677	-	ENSG00000170561	mygene.info	GRCh38
IRX1	0	1	0	0	1	5	3595832	3601403	+	ENSG00000170549	mygene.info	GRCh38
MYO10	0	1	0	0	1	5	16661907	16936288	-	ENSG00000145555	mygene.info	GRCh38
SLC45A2	0	1	1	1	3	5	33944623	33984693	-	ENSG00000164175	mygene.info	GRCh38
PTGER4	1	0	0	0	1	chr5	40669915	40703735			gene_regions_bed	GRCh38
NNT	0	1	0	0	1	5	43602660	43707405	+	ENSG00000112992	mygene.info	GRCh38
DHX29	0	0	0	1	1	5	55256055	55307707	-	ENSG00000067248	mygene.info	GRCh38
MTREX	0	1	0	0	1	5	55307736	55426065	+	ENSG00000039123	mygene.info	GRCh38
MAP3K1	1	0	1	0	2	chr5	56805538	56906152			gene_regions_bed	GRCh38
TRAPPC13	0	0	0	1	1	5	65624789	65666233	+	ENSG00000113597	mygene.info	GRCh38
CDK7	0	1	0	0	1	5	69234795	69277430	+	ENSG00000277273	mygene.info	GRCh38
F2RL1	1	0	0	0	1	chr5	76808933	76845315			gene_regions_bed	GRCh38
AP3B1	0	1	0	1	2	5	77991640	78294762	-	ENSG00000132842	mygene.info	GRCh38
MEF2C	0	1	0	0	1	5	88717117	88904257	-	ENSG00000081189	mygene.info	GRCh38
APC	0	1	0	0	1	5	112707498	112846239	+	ENSG00000134982	mygene.info	GRCh38
LVRN	0	1	0	0	1	5	115962454	116027619	+	ENSG00000172901	mygene.info	GRCh38
COMMD10	0	0	0	1	1	5	116085007	116412762	+	ENSG00000145781	mygene.info	GRCh38
LOX	0	1	0	0	1	5	122063195	122078634	-	ENSG00000113083	mygene.info	GRCh38
SLC12A2	0	1	0	0	1	5	128083714	128189677	+	ENSG00000064651	mygene.info	GRCh38
CSF2	1	0	0	0	1	chr5	132063789	132086170			gene_regions_bed	GRCh38
RAD50	0	1	0	0	1	5	132556019	132646349	+	ENSG00000113522	mygene.info	GRCh38
KIF3A	0	1	0	0	1	5	132692628	132737638	-	ENSG00000131437	mygene.info	GRCh38
HDAC3	0	0	0	1	1	5	141620778	141636867	-	ENSG00000171720	mygene.info	GRCh38
NR3C1	0	1	0	0	1	5	143277931	143435512	-	ENSG00000113580	mygene.info	GRCh38
ADRB2	0	1	0	0	1	5	148826611	148828623	+	ENSG00000169252	mygene.info	GRCh38
CSNK1A1	0	1	0	0	1	5	149492982	149551471	-	ENSG00000113712	mygene.info	GRCh38
PPARGC1B	0	0	1	0	1	5	149729994	149855022	+	ENSG00000155846	mygene.info	GRCh38
CSF1R	0	1	0	0	1	5	150053291	150113372	-	ENSG00000182578	mygene.info	GRCh38
CDX1	0	1	0	0	1	5	150166778	150184558	+	ENSG00000113722	mygene.info	GRCh38
RPS14	0	1	0	0	1	5	150442635	150449952	-	ENSG00000164587	mygene.info	GRCh38
SLC36A1	0	1	0	0	1	5	151437046	151492379	+	ENSG00000123643	mygene.info	GRCh38
ATOX1	0	1	0	0	1	5	151738084	151772532	-	ENSG00000177556	mygene.info	GRCh38
DUSP1	1	0	0	0	1	chr5	172756992	172781198			gene_regions_bed	GRCh38
MSX2	0	0	1	0	1	5	174724582	174730896	+	ENSG00000120149	mygene.info	GRCh38
CANX	0	0	0	1	1	5	179678628	179731641	+	ENSG00000283777	mygene.info	GRCh38
RACK1	0	1	0	0	1	5	181236897	181248096	-	ENSG00000204628	mygene.info	GRCh38
IRF4	0	1	1	0	2	6	391739	411443	+	ENSG00000137265	mygene.info	GRCh38
EXOC2	0	0	1	0	1	6	485133	693169	-	ENSG00000112685	mygene.info	GRCh38
BLOC1S5-TXNDC5	0	0	0	1	1	6	7881522	8064364	-	ENSG00000259040	mygene.info	GRCh38
BLOC1S5	0	1	0	1	2	6	8013566	8064414	-	ENSG00000188428	mygene.info	GRCh38
TFAP2A	1	1	0	0	2	chr6	10383186	10429659			gene_regions_bed	GRCh38
EDN1	1	1	0	0	2	chr6	12277459	12307194			gene_regions_bed	GRCh38
DTNBP1	0	1	0	1	2	6	15522807	15663058	-	ENSG00000047579	mygene.info	GRCh38
KIF13A	0	1	0	0	1	6	17759183	17987635	-	ENSG00000137177	mygene.info	GRCh38
DEK	0	0	0	1	1	6	18223860	18265997	-	ENSG00000124795	mygene.info	GRCh38
TNF	1	0	0	0	1	chr6	31565565	31588336			gene_regions_bed	GRCh38
BAK1	1	0	0	0	1	chr6	33562547	33590305			gene_regions_bed	GRCh38
SNRPC	0	1	0	0	1	6	34757454	34773857	+	ENSG00000124562	mygene.info	GRCh38
FANCE	0	1	0	0	1	6	35452318	35467106	+	ENSG00000112039	mygene.info	GRCh38
MAPK14	1	0	0	0	1	chr6	36017738	36132511			gene_regions_bed	GRCh38
SRSF3	0	0	0	1	1	6	36593787	36605911	+	ENSG00000112081	mygene.info	GRCh38
CDKN1A	1	0	0	0	1	chr6	36666441	36697397			gene_regions_bed	GRCh38
SLC22A7	0	1	0	0	1	6	43295694	43305543	+	ENSG00000137204	mygene.info	GRCh38
POLH	0	1	0	0	1	6	43575537	43620523	+	ENSG00000170734	mygene.info	GRCh38
IL17A	0	1	0	0	1	6	52186375	52190638	+	ENSG00000112115	mygene.info	GRCh38
BMP5	0	1	0	0	1	6	55753653	55875595	-	ENSG00000112175	mygene.info	GRCh38
SLC17A5	0	1	0	1	2	6	73593364	73654014	-	ENSG00000119899	mygene.info	GRCh38
MYO6	0	1	0	0	1	6	75749175	75919537	+	ENSG00000196586	mygene.info	GRCh38
CGA	0	1	0	0	1	6	87085498	87095106	-	ENSG00000135346	mygene.info	GRCh38
MDN1	0	1	0	0	1	6	89642498	89819794	-	ENSG00000112159	mygene.info	GRCh38
USP45	0	1	0	0	1	6	99432325	99521728	-	ENSG00000123552	mygene.info	GRCh38
ASCC3	0	0	0	1	1	6	100508194	100881407	-	ENSG00000112249	mygene.info	GRCh38
PRDM1	0	1	0	0	1	6	105993463	106109939	+	ENSG00000057657	mygene.info	GRCh38
OSTM1	0	1	0	0	1	6	108029245	108165854	-	ENSG00000081087	mygene.info	GRCh38
SMPD2	1	0	0	0	1	chr6	109430678	109453920			gene_regions_bed	GRCh38
FIG4	0	1	0	1	2	6	109690609	109878098	+	ENSG00000112367	mygene.info	GRCh38
HDAC2	0	1	0	0	1	6	113933028	114011308	-	ENSG00000196591	mygene.info	GRCh38
MED23	0	1	0	0	1	6	131573966	131628242	-	ENSG00000112282	mygene.info	GRCh38
ENPP1	0	1	0	0	1	6	131807993	131895155	+	ENSG00000197594	mygene.info	GRCh38
MAP3K5	1	0	0	0	1	chr6	136547034	136803097			gene_regions_bed	GRCh38
GRM1	0	1	0	0	1	6	146027646	146437601	+	ENSG00000152822	mygene.info	GRCh38
RAB32	0	1	0	1	2	6	146543825	146554964	+	ENSG00000118508	mygene.info	GRCh38
SASH1	0	1	0	0	1	6	148272304	148552044	+	ENSG00000111961	mygene.info	GRCh38
AKAP12	0	0	1	0	1	6	151239936	151358563	+	ENSG00000131016	mygene.info	GRCh38
FBXO5	0	1	0	0	1	6	152970519	152983579	-	ENSG00000112029	mygene.info	GRCh38
EZR	1	0	1	0	2	chr6	158755741	158829413			gene_regions_bed	GRCh38
QKI	0	0	0	1	1	6	163414000	163578592	+	ENSG00000112531	mygene.info	GRCh38
GPER1	0	1	0	0	1	7	1082208	1094511	+	ENSG00000164850	mygene.info	GRCh38
EIF3B	0	1	0	0	1	7	2354086	2380747	+	ENSG00000106263	mygene.info	GRCh38
RADIL	0	1	0	0	1	7	4797055	4883716	-	ENSG00000157927	mygene.info	GRCh38
FSCN1	0	1	0	0	1	7	5592809	5606655	+	ENSG00000075618	mygene.info	GRCh38
PMS2	0	1	0	0	1	7	5970925	6009130	-	ENSG00000122512	mygene.info	GRCh38
RAC1	1	1	0	0	2	chr7	6364098	6413998			gene_regions_bed	GRCh38
CCZ1B	0	0	0	1	1	7	6794134	6826770	-	ENSG00000146574	mygene.info	GRCh38
SNX13	0	0	0	1	1	7	17790761	17940712	-	ENSG00000071189	mygene.info	GRCh38
IL6	1	0	0	0	1	chr7	22715884	22742002			gene_regions_bed	GRCh38
GPNMB	0	1	0	0	1	7	23235967	23275108	+	ENSG00000136235	mygene.info	GRCh38
CYCS	1	0	0	0	1	chr7	25108656	25135266			gene_regions_bed	GRCh38
HNRNPA2B1	0	0	0	1	1	7	26171151	26201529	-	ENSG00000122566	mygene.info	GRCh38
HOXA13	0	1	0	0	1	7	27193503	27200091	-	ENSG00000106031	mygene.info	GRCh38
SFRP4	0	1	0	0	1	7	37905932	38025695	-	ENSG00000106483	mygene.info	GRCh38
VPS41	0	0	0	1	1	7	38722974	38932394	-	ENSG00000006715	mygene.info	GRCh38
GLI3	0	1	0	0	1	7	41960949	42264265	-	ENSG00000106571	mygene.info	GRCh38
EGFR	1	1	0	0	2	chr7	55008820	55221628			gene_regions_bed	GRCh38
ABHD11	0	1	0	0	1	7	73736091	73738863	-	ENSG00000106077	mygene.info	GRCh38
GTF2IRD1	0	1	0	0	1	7	74452463	74602619	+	ENSG00000006704	mygene.info	GRCh38
HGF	1	1	0	0	2	chr7	81689010	81780438			gene_regions_bed	GRCh38
SAMD9	0	1	0	0	1	7	93099513	93118023	-	ENSG00000205413	mygene.info	GRCh38
TFPI2	0	1	0	0	1	7	93885396	93890753	-	ENSG00000105825	mygene.info	GRCh38
MEPCE	0	1	0	0	1	7	100428322	100434126	+	ENSG00000289690	mygene.info	GRCh38
SLC12A9	0	0	1	1	2	7	100826820	100867017	+	ENSG00000146828	mygene.info	GRCh38
AP1S1	0	1	0	0	1	7	101154352	101161596	+	ENSG00000106367	mygene.info	GRCh38
CAV1	0	1	0	0	1	7	116524994	116561179	+	ENSG00000105974	mygene.info	GRCh38
MET	1	0	0	0	1	chr7	116662051	116808386			gene_regions_bed	GRCh38
LEP	0	1	0	0	1	7	128241278	128257629	+	ENSG00000174697	mygene.info	GRCh38
IMPDH1	0	1	0	0	1	7	128392277	128410009	-	ENSG00000106348	mygene.info	GRCh38
ATP6V1F	0	1	0	0	1	7	128862856	128865847	+	ENSG00000128524	mygene.info	GRCh38
SMO	0	1	0	0	1	7	129188511	129213546	+	ENSG00000128602	mygene.info	GRCh38
LINC-PINT	0	0	1	0	1	7	130791264	131110176	-	ENSG00000231721	mygene.info	GRCh38
MKLN1	0	1	0	0	1	7	131110096	131496632	+	ENSG00000128585	mygene.info	GRCh38
WDR91	0	0	0	1	1	7	135183839	135211557	-	ENSG00000105875	mygene.info	GRCh38
CREB3L2	0	1	0	0	1	7	137874979	138002086	-	ENSG00000182158	mygene.info	GRCh38
HIPK2	0	1	0	0	1	7	139561570	139777998	-	ENSG00000064393	mygene.info	GRCh38
BRAF	0	1	0	0	1	7	140719327	140924976	-	ENSG00000157764	mygene.info	GRCh38
CDK5	0	1	0	0	1	7	151051517	151057947	-	ENSG00000164885	mygene.info	GRCh38
SHH	0	1	0	0	1	7	155799980	155812463	-	ENSG00000164690	mygene.info	GRCh38
MTMR9	0	0	0	1	1	8	11284523	11328146	+	ENSG00000104643	mygene.info	GRCh38
ESCO2	0	1	0	0	1	8	27771949	27812640	+	ENSG00000171320	mygene.info	GRCh38
FZD3	1	0	0	0	1	chr8	28484205	28584267			gene_regions_bed	GRCh38
WRN	0	1	0	0	1	8	31033779	31176138	+	ENSG00000165392	mygene.info	GRCh38
ADGRA2	0	1	0	0	1	8	37784191	37844896	+	ENSG00000020181	mygene.info	GRCh38
STAR	0	1	0	0	1	8	38141747	38151061	-	ENSG00000147465	mygene.info	GRCh38
IKBKB	0	1	0	0	1	8	42271302	42332460	+	ENSG00000104365	mygene.info	GRCh38
PRKDC	0	1	0	0	1	8	47773108	47960182	-	ENSG00000253729	mygene.info	GRCh38
MCM4	0	1	0	0	1	8	47960185	47978165	+	ENSG00000104738	mygene.info	GRCh38
SNAI2	0	1	0	0	1	8	48917598	48921740	-	ENSG00000019549	mygene.info	GRCh38
ATP6V1H	0	1	0	0	1	8	53715543	53843558	-	ENSG00000047249	mygene.info	GRCh38
RPS20	0	1	0	0	1	8	56067254	56074510	-	ENSG00000008988	mygene.info	GRCh38
CHD7	0	1	0	0	1	8	60678740	60868028	+	ENSG00000171316	mygene.info	GRCh38
CRH	0	1	0	0	1	8	66176376	66178464	-	ENSG00000147571	mygene.info	GRCh38
SULF1	0	1	0	0	1	8	69466624	69660935	+	ENSG00000137573	mygene.info	GRCh38
TERF1	0	1	0	0	1	8	73008833	73048123	+	ENSG00000147601	mygene.info	GRCh38
SNX16	0	0	1	0	1	8	81799581	81842866	-	ENSG00000104497	mygene.info	GRCh38
NBN	0	1	0	0	1	8	89924515	90003228	-	ENSG00000104320	mygene.info	GRCh38
INTS8	0	0	0	1	1	8	94813311	94881746	+	ENSG00000164941	mygene.info	GRCh38
GDF6	0	1	0	0	1	8	96142333	96160806	-	ENSG00000156466	mygene.info	GRCh38
SDC2	0	1	0	0	1	8	96493410	96611790	+	ENSG00000169439	mygene.info	GRCh38
YWHAZ	0	1	0	0	1	8	100916523	100953388	-	ENSG00000164924	mygene.info	GRCh38
RSPO2	0	0	1	0	1	8	107899316	108083790	-	ENSG00000147655	mygene.info	GRCh38
EIF3E	0	1	0	0	1	8	108162787	108443496	-	ENSG00000104408	mygene.info	GRCh38
EIF3H	0	1	0	0	1	8	116642130	116766925	-	ENSG00000147677	mygene.info	GRCh38
RAD21	0	1	0	0	1	8	116845934	116874849	-	ENSG00000164754	mygene.info	GRCh38
NSMCE2	0	1	0	0	1	8	125091673	125367729	+	ENSG00000156831	mygene.info	GRCh38
MYC	0	1	0	0	1	8	127735434	127742951	+	ENSG00000136997	mygene.info	GRCh38
CPSF1	0	1	0	0	1	8	144393229	144409861	-	ENSG00000285049	mygene.info	GRCh38
RECQL4	0	1	0	0	1	8	144511288	144517845	-	ENSG00000160957	mygene.info	GRCh38
COMMD5	0	0	0	1	1	8	144837978	144853736	-	ENSG00000170619	mygene.info	GRCh38
MLANA	1	1	0	0	2	chr9	5880889	5920606			gene_regions_bed	GRCh38
TYRP1	1	1	1	0	3	chr9	12675439	12720285			gene_regions_bed	GRCh38
NFIB	0	1	0	0	1	9	14081843	14398983	-	ENSG00000147862	mygene.info	GRCh38
ZDHHC21	0	1	0	0	1	9	14586766	14693737	-	ENSG00000175893	mygene.info	GRCh38
BNC2	0	1	1	1	3	9	16409503	16870902	-	ENSG00000173068	mygene.info	GRCh38
RPS6	0	1	0	0	1	9	19375715	19380282	-	ENSG00000137154	mygene.info	GRCh38
CDKN2A	0	1	0	1	2	9	21967752	21995301	-	ENSG00000147889	mygene.info	GRCh38
CDKN2B	0	0	1	0	1	9	22002903	22009305	-	ENSG00000147883	mygene.info	GRCh38
B4GALT1	0	0	0	1	1	9	33100493	33167359	-	ENSG00000086062	mygene.info	GRCh38
CD72	0	0	0	1	1	9	35609982	35646810	-	ENSG00000137101	mygene.info	GRCh38
GNAQ	0	1	0	0	1	9	77716097	78031972	-	ENSG00000156052	mygene.info	GRCh38
SPTLC1	1	0	0	0	1	chr9	91990087	92125433			gene_regions_bed	GRCh38
IPPK	0	1	0	0	1	9	92613181	92670262	-	ENSG00000127080	mygene.info	GRCh38
FANCC	0	1	0	0	1	9	95099054	95426796	-	ENSG00000158169	mygene.info	GRCh38
PTCH1	0	1	0	0	1	9	95442980	95517057	-	ENSG00000185920	mygene.info	GRCh38
XPA	0	1	0	0	1	9	97674909	97697340	-	ENSG00000136936	mygene.info	GRCh38
NR4A3	0	1	0	0	1	9	99821855	99866891	+	ENSG00000119508	mygene.info	GRCh38
STX17	0	1	0	0	1	9	99906654	99974534	+	ENSG00000136874	mygene.info	GRCh38
PTPN3	0	0	1	0	1	9	109375466	109498333	-	ENSG00000070159	mygene.info	GRCh38
SLC31A1	0	1	0	1	2	9	113221191	113264492	+	ENSG00000136868	mygene.info	GRCh38
TRIM32	0	1	0	0	1	9	116687305	116701300	+	ENSG00000119401	mygene.info	GRCh38
RAB14	0	0	0	1	1	9	121178133	121223014	-	ENSG00000119396	mygene.info	GRCh38
CRB2	0	1	0	0	1	9	123356170	123380324	+	ENSG00000148204	mygene.info	GRCh38
LHX2	0	1	1	0	2	9	124001670	124033301	+	ENSG00000106689	mygene.info	GRCh38
NEK6	0	0	1	0	1	9	124257606	124353307	+	ENSG00000119408	mygene.info	GRCh38
HSPA5	0	0	0	1	1	9	125234853	125241382	-	ENSG00000044574	mygene.info	GRCh38
LRSAM1	0	1	0	0	1	9	127451469	127503503	+	ENSG00000148356	mygene.info	GRCh38
STXBP1	0	1	0	0	1	9	127579370	127696027	+	ENSG00000136854	mygene.info	GRCh38
USP20	0	1	0	0	1	9	129834698	129881842	+	ENSG00000136878	mygene.info	GRCh38
TSC1	0	1	0	0	1	9	132891348	132946874	-	ENSG00000165699	mygene.info	GRCh38
RXRA	0	1	0	0	1	9	134317098	134440585	+	ENSG00000186350	mygene.info	GRCh38
INPP5E	0	1	0	0	1	9	136428618	136439882	-	ENSG00000148384	mygene.info	GRCh38
NOTCH1	0	1	0	0	1	9	136494433	136546048	-	ENSG00000148400	mygene.info	GRCh38
NRARP	0	1	0	0	1	9	137299631	137302271	-	ENSG00000198435	mygene.info	GRCh38
KLF6	0	0	0	1	1	10	3775996	3785281	-	ENSG00000067082	mygene.info	GRCh38
GATA3	0	1	0	0	1	10	8045315	8075198	+	ENSG00000107485	mygene.info	GRCh38
OPTN	0	1	0	0	1	10	13099449	13140320	+	ENSG00000123240	mygene.info	GRCh38
COMMD3	0	0	0	1	1	10	22315980	22320430	+	ENSG00000148444	mygene.info	GRCh38
COMMD3-BMI1	0	0	0	1	1	10	22316388	22329542	+	ENSG00000269897	mygene.info	GRCh38
BAMBI	0	0	0	1	1	10	28677510	28682932	+	ENSG00000095739	mygene.info	GRCh38
ITGB1	0	1	0	0	1	10	32887273	33005792	-	ENSG00000150093	mygene.info	GRCh38
PARD3	0	1	0	0	1	10	34109560	34815419	-	ENSG00000148498	mygene.info	GRCh38
CXCL12	0	1	0	0	1	10	44370165	44386493	-	ENSG00000107562	mygene.info	GRCh38
MAPK8	1	0	0	0	1	chr10	48296639	48449360			gene_regions_bed	GRCh38
ERCC6	0	1	0	0	1	10	49454168	49539538	-	ENSG00000225830	mygene.info	GRCh38
PRKG1	1	0	0	0	1	chr10	50980888	52308423			gene_regions_bed	GRCh38
ATOH7	0	1	0	0	1	10	68230595	68232113	-	ENSG00000179774	mygene.info	GRCh38
VPS26A	0	0	0	1	1	10	69123512	69174412	+	ENSG00000122958	mygene.info	GRCh38
HK1	0	0	1	0	1	10	69269984	69403496	+	ENSG00000156515	mygene.info	GRCh38
SAR1A	0	0	0	1	1	10	70147289	70170905	-	ENSG00000079332	mygene.info	GRCh38
SGPL1	0	1	0	0	1	10	70815905	70958701	+	ENSG00000166224	mygene.info	GRCh38
PCBD1	0	1	0	0	1	10	70882280	70888605	-	ENSG00000166228	mygene.info	GRCh38
SLC29A3	0	1	0	0	1	10	71319259	71381423	+	ENSG00000198246	mygene.info	GRCh38
LRMDA	0	1	0	0	1	10	75431624	76560168	+	ENSG00000148655	mygene.info	GRCh38
ZMIZ1	0	0	1	0	1	10	79068929	79316550	+	ENSG00000108175	mygene.info	GRCh38
PTEN	0	1	0	0	1	10	87862638	87971930	+	ENSG00000284792	mygene.info	GRCh38
FAS	1	0	0	0	1	chr10	88943813	89039605			gene_regions_bed	GRCh38
NOC3L	0	1	0	0	1	10	94333226	94362982	-	ENSG00000173145	mygene.info	GRCh38
HELLS	0	1	0	0	1	10	94545329	94613905	+	ENSG00000119969	mygene.info	GRCh38
HPS1	0	1	0	1	2	10	98410939	98446966	-	ENSG00000107521	mygene.info	GRCh38
BLOC1S2	0	0	0	1	1	10	100273280	100286697	-	ENSG00000196072	mygene.info	GRCh38
FBXW4	0	1	0	0	1	10	101610663	101695295	-	ENSG00000107829	mygene.info	GRCh38
HPS6	0	1	0	1	2	10	102065349	102068036	+	ENSG00000166189	mygene.info	GRCh38
GBF1	0	1	0	0	1	10	102245371	102382899	+	ENSG00000107862	mygene.info	GRCh38
SUFU	0	1	0	0	1	10	102503952	102633535	+	ENSG00000107882	mygene.info	GRCh38
SH3PXD2A	0	1	0	0	1	10	103594027	103855584	-	ENSG00000107957	mygene.info	GRCh38
COL17A1	0	1	0	0	1	10	104030753	104086225	-	ENSG00000065618	mygene.info	GRCh38
BBIP1	0	1	0	0	1	10	110898730	110919201	-	ENSG00000214413	mygene.info	GRCh38
SHOC2	0	1	0	0	1	10	110917932	111017307	+	ENSG00000108061	mygene.info	GRCh38
EMX2	0	0	1	0	1	10	117542445	117549546	+	ENSG00000170370	mygene.info	GRCh38
RAB11FIP2	0	0	1	0	1	10	118004916	118046941	-	ENSG00000107560	mygene.info	GRCh38
ATE1	0	1	0	0	1	10	121709393	121928801	-	ENSG00000107669	mygene.info	GRCh38
HTRA1	0	1	0	0	1	10	122458551	122514907	+	ENSG00000166033	mygene.info	GRCh38
DMBT1	0	0	1	0	1	10	122560643	122643740	+	ENSG00000187908	mygene.info	GRCh38
OAT	0	1	0	0	1	10	124397298	124419760	-	ENSG00000065154	mygene.info	GRCh38
CTBP2	0	1	0	0	1	10	124981657	125163006	-	ENSG00000175029	mygene.info	GRCh38
MGMT	0	0	1	0	1	10	129466679	129770983	+	ENSG00000170430	mygene.info	GRCh38
HRAS	1	1	0	0	2	chr11	522242	547343			gene_regions_bed	GRCh38
CTSD	0	1	0	0	1	11	1752752	1764573	-	ENSG00000117984	mygene.info	GRCh38
STIM1	0	1	0	0	1	11	3854527	4093210	+	ENSG00000167323	mygene.info	GRCh38
SMPD1	1	0	0	0	1	chr11	6380414	6404998			gene_regions_bed	GRCh38
ILK	0	1	0	0	1	11	6603708	6610874	+	ENSG00000166333	mygene.info	GRCh38
PPFIBP2	0	0	1	0	1	11	7513298	7657127	+	ENSG00000166387	mygene.info	GRCh38
RPL27A	0	1	0	0	1	11	8682732	8714759	+	ENSG00000166441	mygene.info	GRCh38
TMEM9B	0	0	0	1	1	11	8947202	8965011	-	ENSG00000175348	mygene.info	GRCh38
SCUBE2	0	1	0	0	1	11	9019476	9138114	-	ENSG00000175356	mygene.info	GRCh38
CTR9	0	1	0	0	1	11	10751018	10801625	+	ENSG00000198730	mygene.info	GRCh38
COPB1	0	1	0	0	1	11	14443357	14500027	-	ENSG00000129083	mygene.info	GRCh38
SOX6	0	0	1	0	1	11	15966449	16739591	-	ENSG00000110693	mygene.info	GRCh38
HPS5	0	1	0	1	2	11	18278668	18322523	-	ENSG00000110756	mygene.info	GRCh38
SLC17A6	0	1	0	0	1	11	22338381	22379503	+	ENSG00000091664	mygene.info	GRCh38
TRAF6	0	1	0	0	1	11	36483769	36510292	-	ENSG00000175104	mygene.info	GRCh38
RAG1	0	1	0	0	1	11	36510372	36593156	+	ENSG00000166349	mygene.info	GRCh38
AMBRA1	0	1	0	1	2	11	46396414	46594125	-	ENSG00000110497	mygene.info	GRCh38
DDB2	0	1	0	0	1	11	47214457	47239240	+	ENSG00000134574	mygene.info	GRCh38
STX3	0	1	0	0	1	11	59713456	59805882	+	ENSG00000166900	mygene.info	GRCh38
AHNAK	0	0	1	0	1	11	62433542	62556235	-	ENSG00000124942	mygene.info	GRCh38
GANAB	0	0	0	1	1	11	62624824	62646726	-	ENSG00000089597	mygene.info	GRCh38
POLR2G	0	1	0	0	1	11	62761554	62766715	+	ENSG00000168002	mygene.info	GRCh38
BAD	1	0	0	0	1	chr11	64259828	64301946			gene_regions_bed	GRCh38
MAP4K2	1	0	0	0	1	chr11	64774918	64813241			gene_regions_bed	GRCh38
MEN1	0	1	0	0	1	11	64803510	64811294	-	ENSG00000133895	mygene.info	GRCh38
OVOL1	0	1	0	0	1	11	65786714	65797219	+	ENSG00000172818	mygene.info	GRCh38
BBS1	0	1	0	0	1	11	66510606	66533630	+	ENSG00000174483	mygene.info	GRCh38
TBX10	0	1	0	0	1	11	67631303	67639763	-	ENSG00000167800	mygene.info	GRCh38
TPCN2	0	1	1	0	2	11	69048850	69136316	+	ENSG00000162341	mygene.info	GRCh38
CCND1	1	0	0	0	1	chr11	69631143	69664474			gene_regions_bed	GRCh38
SPCS2	0	0	0	1	1	11	74949259	74979033	+	ENSG00000118363	mygene.info	GRCh38
PAK1	1	1	0	0	2	chr11	77311548	77484635			gene_regions_bed	GRCh38
GAB2	0	0	1	0	1	11	78215293	78418348	-	ENSG00000033327	mygene.info	GRCh38
SYTL2	0	1	0	0	1	11	85694224	85811182	-	ENSG00000137501	mygene.info	GRCh38
PICALM	0	1	0	0	1	11	85957171	86069882	-	ENSG00000073921	mygene.info	GRCh38
EED	0	1	0	0	1	11	86201212	86279807	+	ENSG00000074266	mygene.info	GRCh38
FZD4	0	1	0	0	1	11	86945679	86955395	-	ENSG00000174804	mygene.info	GRCh38
RAB38	0	1	0	0	1	11	88113251	88175443	-	ENSG00000123892	mygene.info	GRCh38
GRM5	0	0	1	0	1	11	88504576	89065982	-	ENSG00000168959	mygene.info	GRCh38
TYR	1	1	1	1	4	chr11	89167875	89305759			gene_regions_bed	GRCh38
MMP1	1	0	0	0	1	chr11	102779401	102808160			gene_regions_bed	GRCh38
GUCY1A2	1	0	0	0	1	chr11	106664019	107028476			gene_regions_bed	GRCh38
ALKBH8	0	0	0	1	1	11	107502727	107565742	-	ENSG00000137760	mygene.info	GRCh38
CUL5	0	0	0	1	1	11	108008898	108107781	+	ENSG00000166266	mygene.info	GRCh38
ATM	0	1	0	0	1	11	108222804	108369102	+	ENSG00000149311	mygene.info	GRCh38
RDX	1	0	0	0	1	chr11	109854295	110306712			gene_regions_bed	GRCh38
SIK2	0	1	0	0	1	11	111602404	111730855	+	ENSG00000170145	mygene.info	GRCh38
DLAT	0	1	0	0	1	11	112025033	112064404	+	ENSG00000150768	mygene.info	GRCh38
PTS	0	1	0	0	1	11	112226367	112269955	+	ENSG00000150787	mygene.info	GRCh38
DRD2	0	1	0	0	1	11	113409605	113476402	-	ENSG00000149295	mygene.info	GRCh38
USP28	0	1	0	0	1	11	113797870	113875590	-	ENSG00000048028	mygene.info	GRCh38
MPZL3	0	1	0	0	1	11	118226690	118252365	-	ENSG00000160588	mygene.info	GRCh38
ARCN1	0	1	0	0	1	11	118572390	118603033	+	ENSG00000095139	mygene.info	GRCh38
VPS11	0	1	0	0	1	11	119067789	119082753	+	ENSG00000160695	mygene.info	GRCh38
CBL	0	1	0	0	1	11	119206298	119313926	+	ENSG00000110395	mygene.info	GRCh38
CHEK1	0	1	0	0	1	11	125625163	125676255	+	ENSG00000149554	mygene.info	GRCh38
ETS1	0	1	0	0	1	11	128458761	128587606	-	ENSG00000134954	mygene.info	GRCh38
BARX2	0	1	0	0	1	11	129375848	129452279	+	ENSG00000043039	mygene.info	GRCh38
JAM3	0	1	0	0	1	11	134068998	134152001	+	ENSG00000166086	mygene.info	GRCh38
FOXM1	0	1	0	0	1	12	2857676	2877174	-	ENSG00000111206	mygene.info	GRCh38
CCND2	0	0	1	0	1	12	4269771	4306933	+	ENSG00000118971	mygene.info	GRCh38
TNFRSF1A	1	0	0	0	1	chr12	6318757	6352114			gene_regions_bed	GRCh38
PTPN6	0	1	0	0	1	12	6946417	6961316	+	ENSG00000111679	mygene.info	GRCh38
AEBP2	0	1	0	0	1	12	19404045	19720801	+	ENSG00000139154	mygene.info	GRCh38
SOX5	0	1	0	0	1	12	23529504	24562544	-	ENSG00000134532	mygene.info	GRCh38
KRAS	0	1	0	0	1	12	25205246	25250936	-	ENSG00000133703	mygene.info	GRCh38
ADAMTS20	0	1	0	0	1	12	43352771	43552203	-	ENSG00000173157	mygene.info	GRCh38
VDR	0	1	0	0	1	12	47841537	47943048	-	ENSG00000111424	mygene.info	GRCh38
WNT1	0	1	0	0	1	12	48978322	48982620	+	ENSG00000125084	mygene.info	GRCh38
MCRS1	0	1	0	0	1	12	49556544	49568145	-	ENSG00000187778	mygene.info	GRCh38
SMARCD1	0	1	0	0	1	12	50085200	50100712	+	ENSG00000066117	mygene.info	GRCh38
KRT75	0	1	0	0	1	12	52424070	52434371	-	ENSG00000170454	mygene.info	GRCh38
KRT5	0	1	0	0	1	12	52514575	52520530	-	ENSG00000186081	mygene.info	GRCh38
KRT2	0	1	0	0	1	12	52644558	52652211	-	ENSG00000172867	mygene.info	GRCh38
KRT1	0	1	0	0	1	12	52674736	52680407	-	ENSG00000167768	mygene.info	GRCh38
KRT76	0	1	0	0	1	12	52768155	52777345	-	ENSG00000185069	mygene.info	GRCh38
KRT4	0	1	0	0	1	12	52806549	52814116	-	ENSG00000170477	mygene.info	GRCh38
PMEL	1	1	0	0	2	chr12	55944104	55983317			gene_regions_bed	GRCh38
CDK2	1	0	0	0	1	chr12	55956781	55982789			gene_regions_bed	GRCh38
ERBB3	0	1	0	0	1	12	56076799	56103505	+	ENSG00000065361	mygene.info	GRCh38
RNF41	0	1	0	0	1	12	56202179	56224275	-	ENSG00000181852	mygene.info	GRCh38
DCTN2	0	1	0	0	1	12	57529633	57547242	-	ENSG00000175203	mygene.info	GRCh38
KIF5A	0	1	0	0	1	12	57546026	57586633	+	ENSG00000155980	mygene.info	GRCh38
CDK4	1	0	0	0	1	chr12	57737722	57766013			gene_regions_bed	GRCh38
WIF1	0	1	0	0	1	12	65050626	65121548	-	ENSG00000156076	mygene.info	GRCh38
MDM2	0	1	0	0	1	12	68808175	68845544	+	ENSG00000135679	mygene.info	GRCh38
CCT2	0	1	0	0	1	12	69585423	69601577	+	ENSG00000166226	mygene.info	GRCh38
RAB3IP	0	1	0	0	1	12	69738860	69823204	+	ENSG00000127328	mygene.info	GRCh38
RAB21	0	0	0	1	1	12	71754863	71800286	+	ENSG00000080371	mygene.info	GRCh38
CEP290	0	1	0	0	1	12	88049016	88142099	-	ENSG00000198707	mygene.info	GRCh38
TMTC3	0	0	1	0	1	12	88142181	88199887	+	ENSG00000139324	mygene.info	GRCh38
KITLG	1	1	1	0	3	chr12	88482789	88590851			gene_regions_bed	GRCh38
POC1B	0	1	0	0	1	12	89419718	89526135	-	ENSG00000139323	mygene.info	GRCh38
PMCH	0	1	0	0	1	12	102196459	102197833	-	ENSG00000183395	mygene.info	GRCh38
PAH	0	1	0	0	1	12	102836889	102958410	-	ENSG00000171759	mygene.info	GRCh38
HSP90B1	0	1	0	0	1	12	103930107	103953931	+	ENSG00000166598	mygene.info	GRCh38
RIC8B	0	1	0	0	1	12	106774621	106889316	+	ENSG00000111785	mygene.info	GRCh38
ARPC3	0	0	0	1	1	12	110434582	110450422	-	ENSG00000111229	mygene.info	GRCh38
VPS29	0	0	0	1	1	12	110491083	110502111	-	ENSG00000111237	mygene.info	GRCh38
ALDH2	0	1	0	0	1	12	111766887	111817532	+	ENSG00000111275	mygene.info	GRCh38
PTPN11	0	1	0	0	1	12	112418351	112509918	+	ENSG00000179295	mygene.info	GRCh38
VPS33A	0	1	0	0	1	12	122229564	122266502	-	ENSG00000139719	mygene.info	GRCh38
TMED2	0	0	0	1	1	12	123584526	123598582	+	ENSG00000086598	mygene.info	GRCh38
ATP6V0A2	0	0	0	1	1	12	123712342	123761755	+	ENSG00000185344	mygene.info	GRCh38
MMP17	0	1	0	0	1	12	131828393	131851783	+	ENSG00000198598	mygene.info	GRCh38
MTMR6	0	0	0	1	1	13	25245495	25287521	-	ENSG00000139505	mygene.info	GRCh38
BRCA2	0	1	0	0	1	13	32315086	32400268	+	ENSG00000139618	mygene.info	GRCh38
FREM2	0	1	0	0	1	13	38687077	38887131	+	ENSG00000150893	mygene.info	GRCh38
RB1	0	1	0	1	2	13	48303735	48599436	+	ENSG00000139687	mygene.info	GRCh38
INTS6	0	0	0	1	1	13	51354077	51454264	-	ENSG00000102786	mygene.info	GRCh38
ATP7B	0	1	0	0	1	13	51930436	52012166	-	ENSG00000123191	mygene.info	GRCh38
UCHL3	0	1	0	0	1	13	75549483	75607472	+	ENSG00000118939	mygene.info	GRCh38
MYCBP2	0	1	0	0	1	13	77042474	77327094	-	ENSG00000005810	mygene.info	GRCh38
SLAIN1	0	0	1	1	2	13	77697687	77764242	+	ENSG00000139737	mygene.info	GRCh38
EDNRB	1	1	0	0	2	chr13	77885481	77985529			gene_regions_bed	GRCh38
DCT	1	1	0	1	3	chr13	94426811	94489682			gene_regions_bed	GRCh38
ZIC2	0	1	0	0	1	13	99981784	99986765	+	ENSG00000043355	mygene.info	GRCh38
ERCC5	0	1	0	0	1	13	102845831	102875995	+	ENSG00000134899	mygene.info	GRCh38
F7	1	0	0	0	1	chr13	113095762	113130685			gene_regions_bed	GRCh38
F10	1	0	0	0	1	chr13	113112788	113159531			gene_regions_bed	GRCh38
CHD8	0	0	0	1	1	14	21385194	21456126	-	ENSG00000100888	mygene.info	GRCh38
TINF2	0	1	0	0	1	14	24238286	24242663	-	ENSG00000284915	mygene.info	GRCh38
RABGGTA	0	1	0	0	1	14	24265538	24271611	-	ENSG00000100949	mygene.info	GRCh38
ADCY4	1	0	0	0	1	chr14	24308349	24345093			gene_regions_bed	GRCh38
SPTSSA	0	0	0	1	1	14	34432788	34462240	-	ENSG00000165389	mygene.info	GRCh38
PNN	0	1	0	0	1	14	39175163	39183220	+	ENSG00000100941	mygene.info	GRCh38
PTGER2	1	0	0	0	1	chr14	52304305	52339822			gene_regions_bed	GRCh38
EXOC5	0	1	0	0	1	14	57200507	57268974	-	ENSG00000070367	mygene.info	GRCh38
SIX6	0	1	0	0	1	14	60509146	60512850	+	ENSG00000184302	mygene.info	GRCh38
PRKCH	1	0	0	0	1	chr14	61177559	61560980			gene_regions_bed	GRCh38
HIF1A	1	0	0	0	1	chr14	61685456	61758263			gene_regions_bed	GRCh38
SYNE2	0	0	1	0	1	14	63761899	64226433	+	ENSG00000054654	mygene.info	GRCh38
ZBTB1	0	0	0	1	1	14	64502152	64533690	+	ENSG00000126804	mygene.info	GRCh38
SRSF5	0	0	0	1	1	14	69726893	69773904	+	ENSG00000100650	mygene.info	GRCh38
PSEN1	0	1	0	0	1	14	73136418	73223691	+	ENSG00000080815	mygene.info	GRCh38
TMED10	0	0	0	1	1	14	75131443	75176652	-	ENSG00000170348	mygene.info	GRCh38
FOS	1	0	0	0	1	chr14	75268826	75293190			gene_regions_bed	GRCh38
SPTLC2	1	0	0	1	2	chr14	77495997	77626672			gene_regions_bed	GRCh38
DIO2	0	1	0	0	1	14	80197526	80387757	-	ENSG00000211448	mygene.info	GRCh38
TSHR	0	1	0	0	1	14	80954989	81146306	+	ENSG00000165409	mygene.info	GRCh38
PTPN21	0	1	0	0	1	14	88465778	88555013	-	ENSG00000070778	mygene.info	GRCh38
TTC8	0	1	0	0	1	14	88824153	88881078	+	ENSG00000165533	mygene.info	GRCh38
SLC24A4	0	0	1	1	2	14	92322581	92501481	+	ENSG00000140090	mygene.info	GRCh38
CCNK	0	0	0	1	1	14	99481169	99535044	+	ENSG00000090061	mygene.info	GRCh38
YY1	0	1	0	0	1	14	100238298	100282788	+	ENSG00000100811	mygene.info	GRCh38
DYNC1H1	0	1	0	0	1	14	101964573	102056443	+	ENSG00000197102	mygene.info	GRCh38
MARK3	0	0	1	0	1	14	103385361	103503831	+	ENSG00000075413	mygene.info	GRCh38
AKT1	1	0	0	0	1	chr14	104759348	104809934			gene_regions_bed	GRCh38
OCA2	1	1	1	1	4	chr15	27744874	28109664			gene_regions_bed	GRCh38
HERC2	0	0	1	0	1	15	28111040	28322179	-	ENSG00000276802	mygene.info	GRCh38
GOLGA8M	0	0	0	1	1	15	28698583	28738384	-	ENSG00000188626	mygene.info	GRCh38
APBA2	0	0	1	0	1	15	28884449	29118317	+	ENSG00000034053	mygene.info	GRCh38
TJP1	0	1	0	0	1	15	29699367	29968915	-	ENSG00000277401	mygene.info	GRCh38
TRPM1	0	1	0	0	1	15	31001065	31161160	-	ENSG00000274965	mygene.info	GRCh38
SPRED1	0	1	0	0	1	15	38252139	38357249	+	ENSG00000166068	mygene.info	GRCh38
VPS18	0	1	0	1	2	15	40894415	40903975	+	ENSG00000104142	mygene.info	GRCh38
RTF1	0	1	0	0	1	15	41408408	41483563	+	ENSG00000137815	mygene.info	GRCh38
LTK	0	1	0	0	1	15	41503634	41513887	-	ENSG00000062524	mygene.info	GRCh38
VPS39	0	1	0	1	2	15	42158701	42208326	-	ENSG00000166887	mygene.info	GRCh38
CTDSPL2	0	0	0	1	1	15	44427599	44529038	+	ENSG00000137770	mygene.info	GRCh38
SLC30A4	0	1	0	0	1	15	45479606	45522829	-	ENSG00000104154	mygene.info	GRCh38
BLOC1S6	0	1	0	1	2	15	45587214	45615945	+	ENSG00000104164	mygene.info	GRCh38
SLC24A5	0	1	1	1	3	15	48120990	48142672	+	ENSG00000188467	mygene.info	GRCh38
TRPM7	0	1	0	0	1	15	50552473	50686797	-	ENSG00000092439	mygene.info	GRCh38
DMXL2	0	1	0	0	1	15	51447711	51622981	-	ENSG00000104093	mygene.info	GRCh38
LEO1	0	1	0	0	1	15	51938025	51971791	-	ENSG00000166477	mygene.info	GRCh38
MYO5A	0	1	0	0	1	15	52307281	52529132	-	ENSG00000197535	mygene.info	GRCh38
RAB27A	0	1	0	1	2	15	55202966	55319113	-	ENSG00000069974	mygene.info	GRCh38
ADAM10	0	1	0	0	1	15	58588809	58749842	-	ENSG00000137845	mygene.info	GRCh38
ANXA2	0	1	0	0	1	15	60347134	60402883	-	ENSG00000182718	mygene.info	GRCh38
USP3	0	1	0	0	1	15	63504501	63594640	+	ENSG00000140455	mygene.info	GRCh38
RAB11A	0	1	0	0	1	15	65726054	65891989	+	ENSG00000103769	mygene.info	GRCh38
MAP2K1	1	1	0	0	2	chr15	66376825	66501656			gene_regions_bed	GRCh38
BBS4	0	1	0	0	1	15	72686186	72742006	+	ENSG00000140463	mygene.info	GRCh38
CYP11A1	0	1	0	0	1	15	74337746	74367680	-	ENSG00000140459	mygene.info	GRCh38
CSK	0	0	0	1	1	15	74782055	74803198	+	ENSG00000103653	mygene.info	GRCh38
COMMD4	0	0	0	1	1	15	75336009	75343224	+	ENSG00000140365	mygene.info	GRCh38
CIB2	0	1	0	0	1	15	78104606	78131535	-	ENSG00000136425	mygene.info	GRCh38
WDR73	0	1	0	0	1	15	84639285	84654343	-	ENSG00000177082	mygene.info	GRCh38
FANCI	0	1	0	0	1	15	89243854	89318091	+	ENSG00000140525	mygene.info	GRCh38
POLG	0	1	0	0	1	15	89305198	89334861	-	ENSG00000140521	mygene.info	GRCh38
MESP1	0	1	0	0	1	15	89749875	89751249	-	ENSG00000166823	mygene.info	GRCh38
AP3S2	0	1	0	0	1	15	89830599	89894638	-	ENSG00000157823	mygene.info	GRCh38
BLM	0	1	0	0	1	15	90717340	90816166	+	ENSG00000197299	mygene.info	GRCh38
SV2B	0	0	1	0	1	15	91099869	91302565	+	ENSG00000185518	mygene.info	GRCh38
TPSAB1	1	0	0	0	1	chr16	1229266	1252555			gene_regions_bed	GRCh38
CLCN7	0	1	0	0	1	16	1444934	1475104	-	ENSG00000103249	mygene.info	GRCh38
TSC2	0	1	0	0	1	16	2047345	2089491	+	ENSG00000103197	mygene.info	GRCh38
ATP6V0C	0	1	0	0	1	16	2513713	2520218	+	ENSG00000185883	mygene.info	GRCh38
PDPK1	1	0	0	0	1	chr16	2527978	2613190			gene_regions_bed	GRCh38
CREBBP	0	0	0	1	1	16	3725054	3880713	-	ENSG00000005339	mygene.info	GRCh38
MGRN1	0	1	0	0	1	16	4616493	4690977	+	ENSG00000102858	mygene.info	GRCh38
USP7	0	1	0	0	1	16	8892097	8975328	-	ENSG00000187555	mygene.info	GRCh38
ERCC4	0	1	0	0	1	16	13920138	13952348	+	ENSG00000175595	mygene.info	GRCh38
PARN	0	1	0	0	1	16	14435699	14632728	-	ENSG00000274829	mygene.info	GRCh38
ARL6IP1	0	1	0	0	1	16	18791609	18801572	-	ENSG00000170540	mygene.info	GRCh38
PALB2	0	1	0	0	1	16	23603160	23641321	-	ENSG00000083093	mygene.info	GRCh38
PRKCB	1	0	0	0	1	chr16	23825959	24230611			gene_regions_bed	GRCh38
RBBP6	0	0	0	1	1	16	24537693	24572863	+	ENSG00000122257	mygene.info	GRCh38
CLN3	0	0	0	1	1	16	28474111	28495575	-	ENSG00000188603	mygene.info	GRCh38
EIF3C	0	1	0	0	1	16	28688558	28735730	+	ENSG00000184110	mygene.info	GRCh38
HIRIP3	0	1	0	0	1	16	29992330	29996120	-	ENSG00000149929	mygene.info	GRCh38
INO80E	0	1	0	0	1	16	29995715	30005793	+	ENSG00000169592	mygene.info	GRCh38
ALDOA	0	1	0	0	1	16	30064164	30070457	+	ENSG00000149925	mygene.info	GRCh38
PPP4C	0	1	0	0	1	16	30075967	30085385	+	ENSG00000149923	mygene.info	GRCh38
MAPK3	1	1	0	0	2	chr16	30104105	30133506			gene_regions_bed	GRCh38
GDPD3	0	1	0	0	1	16	30104810	30113537	-	ENSG00000102886	mygene.info	GRCh38
CORO1A	0	1	0	0	1	16	30182817	30189085	+	ENSG00000102879	mygene.info	GRCh38
TBC1D10B	0	1	0	0	1	16	30357102	30370529	-	ENSG00000169221	mygene.info	GRCh38
VPS35	0	0	0	1	1	16	46656132	46689518	-	ENSG00000069329	mygene.info	GRCh38
SIAH1	0	0	0	1	1	16	48356364	48448402	-	ENSG00000196470	mygene.info	GRCh38
FTO	0	1	0	0	1	16	53701692	54158512	+	ENSG00000140718	mygene.info	GRCh38
BBS2	0	1	0	0	1	16	56465640	56582667	-	ENSG00000125124	mygene.info	GRCh38
USB1	0	1	0	0	1	16	57999546	58021618	+	ENSG00000103005	mygene.info	GRCh38
CDH11	0	1	0	0	1	16	64943753	65126112	-	ENSG00000140937	mygene.info	GRCh38
ATP6V0D1	0	1	0	0	1	16	67438005	67481188	-	ENSG00000159720	mygene.info	GRCh38
ACD	0	1	0	0	1	16	67657512	67660810	-	ENSG00000102977	mygene.info	GRCh38
CDH3	0	1	0	0	1	16	68636189	68727468	+	ENSG00000062038	mygene.info	GRCh38
TERF2	0	1	0	0	1	16	69355464	69408571	-	ENSG00000132604	mygene.info	GRCh38
VAC14	0	1	0	0	1	16	70687439	70801173	-	ENSG00000103043	mygene.info	GRCh38
CMTR2	0	0	0	1	1	16	71281389	71289715	-	ENSG00000180917	mygene.info	GRCh38
AP1G1	0	0	0	1	1	16	71729000	71809201	-	ENSG00000166747	mygene.info	GRCh38
TERF2IP	0	1	0	0	1	16	75647765	75761872	+	ENSG00000166848	mygene.info	GRCh38
MBTPS1	0	1	0	0	1	16	84053761	84116942	-	ENSG00000140943	mygene.info	GRCh38
USP10	0	1	0	0	1	16	84699971	84779926	+	ENSG00000103194	mygene.info	GRCh38
SPATA33	0	0	1	0	1	16	89657740	89671272	+	ENSG00000167523	mygene.info	GRCh38
CDK10	0	0	1	0	1	16	89680737	89696369	+	ENSG00000185324	mygene.info	GRCh38
FANCA	0	1	1	0	2	16	89726683	89816977	-	ENSG00000187741	mygene.info	GRCh38
SPIRE2	0	0	1	0	1	16	89818179	89871319	+	ENSG00000204991	mygene.info	GRCh38
TCF25	0	0	1	0	1	16	89873566	89913627	+	ENSG00000141002	mygene.info	GRCh38
MC1R	1	1	1	0	3	chr16	89902119	89930977			gene_regions_bed	GRCh38
TUBB3	0	0	1	0	1	16	89921392	89938761	+	ENSG00000258947	mygene.info	GRCh38
DEF8	0	0	1	0	1	16	89948127	89968066	+	ENSG00000140995	mygene.info	GRCh38
AFG3L1P	0	0	1	0	1	16	89972581	90002161	+	ENSG00000293510	mygene.info	GRCh38
YWHAE	0	1	0	0	1	17	1344275	1400255	-	ENSG00000274474	mygene.info	GRCh38
RILP	0	1	0	0	1	17	1646143	1650077	-	ENSG00000274145	mygene.info	GRCh38
WDR81	0	0	0	1	1	17	1716523	1738599	+	ENSG00000276021	mygene.info	GRCh38
SGSM2	0	1	0	0	1	17	2337492	2381058	+	ENSG00000141258	mygene.info	GRCh38
MNT	0	0	0	1	1	17	2384073	2401142	-	ENSG00000070444	mygene.info	GRCh38
PAFAH1B1	0	1	0	0	1	17	2593183	2685616	+	ENSG00000007168	mygene.info	GRCh38
CTNS	0	1	0	0	1	17	3636459	3663103	+	ENSG00000040531	mygene.info	GRCh38
NUP88	0	1	0	0	1	17	5359668	5420164	-	ENSG00000108559	mygene.info	GRCh38
GPS2	0	0	0	1	1	17	7311324	7315564	-	ENSG00000288325	mygene.info	GRCh38
TP53	1	1	0	0	2	chr17	7651779	7697546			gene_regions_bed	GRCh38
WRAP53	0	1	0	0	1	17	7686071	7703505	+	ENSG00000141499	mygene.info	GRCh38
CTC1	0	1	0	0	1	17	8224815	8248058	-	ENSG00000178971	mygene.info	GRCh38
PFAS	0	1	0	0	1	17	8247618	8270491	+	ENSG00000178921	mygene.info	GRCh38
USP43	0	1	0	0	1	17	9644663	9729693	+	ENSG00000154914	mygene.info	GRCh38
GAS7	0	1	0	0	1	17	9910606	10198853	-	ENSG00000007237	mygene.info	GRCh38
MAP2K4	1	0	0	0	1	chr17	12010828	12153830			gene_regions_bed	GRCh38
NCOR1	0	0	0	1	1	17	16029065	16218185	-	ENSG00000141027	mygene.info	GRCh38
MAP2K3	1	0	0	0	1	chr17	21274672	21325240			gene_regions_bed	GRCh38
NOS2	1	0	0	0	1	chr17	27746766	27810758			gene_regions_bed	GRCh38
FOXN1	0	1	0	0	1	17	28506243	28538900	+	ENSG00000109101	mygene.info	GRCh38
SUPT6H	0	1	0	0	1	17	28661929	28702682	+	ENSG00000109111	mygene.info	GRCh38
TAOK1	0	0	0	1	1	17	29390351	29551903	+	ENSG00000160551	mygene.info	GRCh38
NF1	0	1	0	0	1	17	31094927	31382116	+	ENSG00000196712	mygene.info	GRCh38
CDK12	0	0	0	1	1	17	39461437	39567559	+	ENSG00000167258	mygene.info	GRCh38
THRA	0	1	0	0	1	17	40058290	40093867	+	ENSG00000126351	mygene.info	GRCh38
KRT27	0	1	0	0	1	17	40776808	40782550	-	ENSG00000171446	mygene.info	GRCh38
KRT9	0	1	0	0	1	17	41565836	41572059	-	ENSG00000171403	mygene.info	GRCh38
KRT14	0	1	0	0	1	17	41582279	41586895	-	ENSG00000186847	mygene.info	GRCh38
KRT17	0	1	0	0	1	17	41619437	41624842	-	ENSG00000128422	mygene.info	GRCh38
STAT3	1	0	0	0	1	chr17	42303324	42398568			gene_regions_bed	GRCh38
BRCA1	0	1	0	0	1	17	43044292	43170245	-	ENSG00000012048	mygene.info	GRCh38
MEOX1	0	1	0	0	1	17	43640389	43661922	-	ENSG00000005102	mygene.info	GRCh38
HEXIM1	0	1	0	0	1	17	45148475	45152099	+	ENSG00000186834	mygene.info	GRCh38
MAP3K14	1	0	0	0	1	17	45263119	45317112	-	ENSG00000006062	mygene.info	GRCh38
NSF	0	1	0	0	1	17	46590669	46757679	+	ENSG00000276262	mygene.info	GRCh38
SP6	0	0	1	0	1	17	47844908	47855874	-	ENSG00000189120	mygene.info	GRCh38
HOXB7	0	1	0	0	1	17	48607232	48633572	-	ENSG00000260027	mygene.info	GRCh38
DLX4	0	0	1	0	1	17	49968588	49974959	+	ENSG00000108813	mygene.info	GRCh38
ITGA3	0	1	0	0	1	17	50055968	50090485	+	ENSG00000005884	mygene.info	GRCh38
SPAG9	0	1	0	0	1	17	50962174	51120926	-	ENSG00000008294	mygene.info	GRCh38
AKAP1	0	0	1	0	1	17	57085092	57121349	+	ENSG00000121057	mygene.info	GRCh38
BRIP1	0	1	0	0	1	17	61679139	61863561	-	ENSG00000136492	mygene.info	GRCh38
TACO1	0	1	0	0	1	17	63600882	63608365	+	ENSG00000136463	mygene.info	GRCh38
WIPI1	0	1	0	0	1	17	68420948	68457520	-	ENSG00000070540	mygene.info	GRCh38
PRKAR1A	0	1	0	0	1	17	68511780	68551319	+	ENSG00000108946	mygene.info	GRCh38
MAP2K6	1	0	0	0	1	chr17	69404683	69563865			gene_regions_bed	GRCh38
SOX9	0	1	0	0	1	17	72121020	72126416	+	ENSG00000125398	mygene.info	GRCh38
RPL38	0	1	0	0	1	17	74202841	74210655	+	ENSG00000172809	mygene.info	GRCh38
RHBDF2	0	1	0	0	1	17	76470891	76501790	-	ENSG00000129667	mygene.info	GRCh38
USP36	0	1	0	0	1	17	78787381	78841441	-	ENSG00000055483	mygene.info	GRCh38
CEP131	0	1	0	0	1	17	81189592	81223014	-	ENSG00000141577	mygene.info	GRCh38
TSPAN10	0	0	1	0	1	17	81637171	81648754	+	ENSG00000182612	mygene.info	GRCh38
TBCD	0	1	0	0	1	17	82751855	82945918	+	ENSG00000141556	mygene.info	GRCh38
TYMS	0	1	0	0	1	18	657515	676613	+	ENSG00000176890	mygene.info	GRCh38
SMCHD1	0	1	0	0	1	18	2655668	2805017	+	ENSG00000101596	mygene.info	GRCh38
AFG3L2	0	1	0	0	1	18	12328932	12377473	-	ENSG00000141385	mygene.info	GRCh38
MC2R	0	1	0	0	1	18	13882043	13915707	-	ENSG00000185231	mygene.info	GRCh38
MIB1	0	1	0	0	1	18	21704957	21870953	+	ENSG00000101752	mygene.info	GRCh38
CDH2	1	1	0	0	2	chr18	27922879	28187946			gene_regions_bed	GRCh38
DSG4	0	1	0	0	1	18	31376777	31414912	+	ENSG00000175065	mygene.info	GRCh38
EPG5	0	1	0	0	1	18	45800581	45967340	-	ENSG00000152223	mygene.info	GRCh38
IER3IP1	0	1	0	0	1	18	47152834	47176381	-	ENSG00000134049	mygene.info	GRCh38
RPL17-C18ORF32	0	0	0	1	1	18	49481681	49492479	-	ENSG00000215472	mygene.info	GRCh38
RAX	0	1	0	0	1	18	59267035	59274086	-	ENSG00000134438	mygene.info	GRCh38
CPLX4	0	1	0	0	1	18	59275156	59318649	-	ENSG00000166569	mygene.info	GRCh38
PMAIP1	1	0	0	0	1	chr18	59889644	59914305			gene_regions_bed	GRCh38
BCL2	1	1	0	0	2	chr18	63113346	63330128			gene_regions_bed	GRCh38
STK11	0	1	0	0	1	19	1177558	1228431	+	ENSG00000118046	mygene.info	GRCh38
AP3D1	0	1	0	1	2	19	2100982	2164468	-	ENSG00000065000	mygene.info	GRCh38
GNA11	0	1	0	0	1	19	3094362	3123999	+	ENSG00000088256	mygene.info	GRCh38
MFSD12	0	1	1	0	2	19	3538261	3574290	-	ENSG00000161091	mygene.info	GRCh38
MAP2K2	1	1	0	0	2	chr19	4080317	4134216			gene_regions_bed	GRCh38
SIRT6	0	0	0	1	1	19	4174109	4182599	-	ENSG00000077463	mygene.info	GRCh38
MPND	0	1	0	0	1	19	4343527	4360086	+	ENSG00000008382	mygene.info	GRCh38
SAFB	0	0	0	1	1	19	5623035	5668478	+	ENSG00000160633	mygene.info	GRCh38
MAP2K7	1	0	0	0	1	chr19	7893843	7924480			gene_regions_bed	GRCh38
RAB11B	0	1	0	0	1	19	8389981	8405873	+	ENSG00000185236	mygene.info	GRCh38
EIF3G	0	1	0	0	1	19	10115010	10119951	-	ENSG00000130811	mygene.info	GRCh38
ICAM1	1	0	0	0	1	chr19	10261093	10296615			gene_regions_bed	GRCh38
DNM2	0	1	0	0	1	19	10717974	10833504	+	ENSG00000079805	mygene.info	GRCh38
SMARCA4	0	1	0	0	1	19	10960824	11079426	+	ENSG00000127616	mygene.info	GRCh38
PRKACA	1	0	0	0	1	chr19	14081688	14128084			gene_regions_bed	GRCh38
PTGER1	1	0	0	0	1	chr19	14462466	14487272			gene_regions_bed	GRCh38
RAB8A	0	1	0	0	1	19	16111843	16134234	+	ENSG00000167461	mygene.info	GRCh38
AP1M1	0	0	0	1	1	19	16197854	16245906	+	ENSG00000072958	mygene.info	GRCh38
GTPBP3	0	1	0	0	1	19	17334920	17342735	+	ENSG00000130299	mygene.info	GRCh38
UQCRFS1	0	1	0	0	1	19	29205320	29213151	-	ENSG00000169021	mygene.info	GRCh38
ANKRD27	0	0	0	1	1	19	32597000	32676597	-	ENSG00000105186	mygene.info	GRCh38
PEPD	0	1	0	0	1	19	33386950	33521823	-	ENSG00000124299	mygene.info	GRCh38
KCTD15	0	1	0	0	1	19	33795933	33815763	+	ENSG00000153885	mygene.info	GRCh38
USF2	0	1	0	1	2	19	35268962	35279821	+	ENSG00000105698	mygene.info	GRCh38
PSENEN	0	1	0	1	2	19	35745070	35747519	+	ENSG00000205155	mygene.info	GRCh38
RYR1	1	0	0	0	1	chr19	38423691	38605273			gene_regions_bed	GRCh38
SUPT5H	0	1	0	0	1	19	39436156	39476670	+	ENSG00000196235	mygene.info	GRCh38
RPS19	0	1	0	0	1	19	41860255	41872925	+	ENSG00000105372	mygene.info	GRCh38
ZNF428	0	0	0	1	1	19	43607223	43619639	-	ENSG00000131116	mygene.info	GRCh38
TRAPPC6A	0	1	0	0	1	19	45162928	45178265	-	ENSG00000007255	mygene.info	GRCh38
BLOC1S3	0	1	0	1	2	19	45178745	45216933	+	ENSG00000189114	mygene.info	GRCh38
ERCC2	0	1	0	0	1	19	45349773	45370918	-	ENSG00000104884	mygene.info	GRCh38
ZC3H4	0	0	0	1	1	19	47064187	47113776	-	ENSG00000130749	mygene.info	GRCh38
BBC3	1	0	0	0	1	chr19	47210822	47243019			gene_regions_bed	GRCh38
BAX	1	0	0	0	1	chr19	48944815	48971798			gene_regions_bed	GRCh38
RUVBL2	0	1	0	0	1	19	48993562	49015983	+	ENSG00000183207	mygene.info	GRCh38
ATRN	0	1	0	0	1	20	3471018	3651118	+	ENSG00000088812	mygene.info	GRCh38
MKKS	0	1	0	0	1	20	10401009	10434222	-	ENSG00000125863	mygene.info	GRCh38
DZANK1	0	1	0	0	1	20	18383361	18467332	-	ENSG00000089091	mygene.info	GRCh38
NINL	0	1	0	0	1	20	25451594	25585586	-	ENSG00000101004	mygene.info	GRCh38
BCL2L1	1	0	0	0	1	chr20	31654452	31733989			gene_regions_bed	GRCh38
POFUT1	0	1	0	0	1	20	32207851	32238658	+	ENSG00000101346	mygene.info	GRCh38
RALY	0	0	1	0	1	20	33993632	34108308	+	ENSG00000125970	mygene.info	GRCh38
ASIP	0	1	1	0	2	20	34194569	34269346	+	ENSG00000101440	mygene.info	GRCh38
AHCY	0	1	0	0	1	20	34280268	34311802	-	ENSG00000101444	mygene.info	GRCh38
MAP1LC3A	0	1	0	0	1	20	34546838	34560357	+	ENSG00000101460	mygene.info	GRCh38
PIGU	0	0	1	0	1	20	34560542	34698790	-	ENSG00000101464	mygene.info	GRCh38
SRC	1	1	0	0	2	chr20	37334673	37416050			gene_regions_bed	GRCh38
MAFB	0	1	0	0	1	20	40685848	40689236	-	ENSG00000204103	mygene.info	GRCh38
SDC4	0	1	0	0	1	20	45325288	45348425	-	ENSG00000124145	mygene.info	GRCh38
TFAP2C	0	1	0	0	1	20	56629306	56639283	+	ENSG00000087510	mygene.info	GRCh38
GNAS	0	1	0	0	1	20	58839718	58911192	+	ENSG00000087460	mygene.info	GRCh38
ZNF831	0	0	1	0	1	20	59123381	59259113	+	ENSG00000124203	mygene.info	GRCh38
EDN3	0	1	0	0	1	20	59300415	59325992	+	ENSG00000124205	mygene.info	GRCh38
TAF4	0	1	0	0	1	20	61953469	62065881	-	ENSG00000280529	mygene.info	GRCh38
SOX18	0	1	0	0	1	20	64047582	64049639	-	ENSG00000203883	mygene.info	GRCh38
HSPA13	0	0	0	1	1	21	14371115	14383484	-	ENSG00000155304	mygene.info	GRCh38
SCAF4	0	0	0	1	1	21	31670804	31732184	-	ENSG00000156304	mygene.info	GRCh38
MRAP	0	1	0	0	1	21	32291813	32314784	+	ENSG00000170262	mygene.info	GRCh38
GART	0	1	0	0	1	21	33503371	33543524	-	ENSG00000262473	mygene.info	GRCh38
DYRK1A	0	0	0	1	1	21	37365573	37526358	+	ENSG00000157540	mygene.info	GRCh38
BACE2	0	1	0	1	2	21	41167801	41282530	+	ENSG00000182240	mygene.info	GRCh38
PKNOX1	0	1	0	0	1	21	42974328	43034475	+	ENSG00000160199	mygene.info	GRCh38
CBS	0	1	0	0	1	21	43050900	43076943	-	ENSG00000160200	mygene.info	GRCh38
SIK1	0	0	1	0	1	21	43414483	43427131	-	ENSG00000142178	mygene.info	GRCh38
COL6A2	0	1	0	0	1	21	46096722	46132851	+	ENSG00000142173	mygene.info	GRCh38
PCNT	0	1	0	0	1	21	46324124	46445769	+	ENSG00000160299	mygene.info	GRCh38
BID	1	0	0	0	1	chr22	17724138	17784770			gene_regions_bed	GRCh38
SNAP29	0	1	0	0	1	22	20858537	20891214	+	ENSG00000099940	mygene.info	GRCh38
MAPK1	1	0	0	0	1	chr22	21745537	21877680			gene_regions_bed	GRCh38
RAB36	0	1	0	0	1	22	23145366	23165663	+	ENSG00000100228	mygene.info	GRCh38
SLC2A11	0	1	0	0	1	22	23856703	23886312	+	ENSG00000275744	mygene.info	GRCh38
GGT1	0	1	0	0	1	22	24594684	24629011	+	ENSG00000100031	mygene.info	GRCh38
GRK3	0	1	0	0	1	22	25564432	25729294	+	ENSG00000100077	mygene.info	GRCh38
HPS4	0	1	0	1	2	22	26443107	26483931	-	ENSG00000100099	mygene.info	GRCh38
NF2	0	0	0	1	1	22	29603546	29698598	+	ENSG00000186575	mygene.info	GRCh38
ASCC2	0	0	0	1	1	22	29788608	29838304	-	ENSG00000100325	mygene.info	GRCh38
TBC1D10A	0	1	0	0	1	22	30291990	30326947	-	ENSG00000099992	mygene.info	GRCh38
MYH9	0	1	0	0	1	22	36281279	36388010	-	ENSG00000100345	mygene.info	GRCh38
IFT27	0	1	0	0	1	22	36758202	36776309	-	ENSG00000100360	mygene.info	GRCh38
TMPRSS6	0	1	0	0	1	22	37065005	37110890	-	ENSG00000187045	mygene.info	GRCh38
SOX10	1	1	0	0	2	chr22	37960686	37997422			gene_regions_bed	GRCh38
EP300	0	0	0	1	1	22	41091816	41180077	+	ENSG00000100393	mygene.info	GRCh38
KIAA0930	0	0	1	0	1	22	45192244	45240944	-	ENSG00000100364	mygene.info	GRCh38
PLXNB2	0	1	1	0	2	22	50274978	50307695	-	ENSG00000196576	mygene.info	GRCh38
DHRSX	0	1	0	0	1	X	2219506	2502805	-	ENSG00000292338	mygene.info	GRCh38
GPR143	0	1	0	1	2	X	9724039	9786297	-	ENSG00000101850	mygene.info	GRCh38
SHROOM2	0	1	0	0	1	X	9786429	9949443	+	ENSG00000146950	mygene.info	GRCh38
RAB9A	0	1	0	1	2	X	13689122	13710504	+	ENSG00000123595	mygene.info	GRCh38
POLA1	0	1	0	0	1	X	24693864	24996986	+	ENSG00000101868	mygene.info	GRCh38
NR0B1	0	1	0	0	1	X	30304206	30309390	-	ENSG00000169297	mygene.info	GRCh38
RPGR	0	1	0	0	1	X	38269163	38327544	-	ENSG00000156313	mygene.info	GRCh38
ATP6AP2	0	1	0	0	1	X	40579372	40606848	+	ENSG00000182220	mygene.info	GRCh38
MED14	0	1	0	0	1	X	40648305	40735877	-	ENSG00000180182	mygene.info	GRCh38
USP9X	0	1	0	0	1	X	41085431	41236579	+	ENSG00000124486	mygene.info	GRCh38
DDX3X	0	1	0	0	1	X	41333348	41364472	+	ENSG00000215301	mygene.info	GRCh38
ELK1	1	0	0	0	1	chrX	47621621	47660604			gene_regions_bed	GRCh38
UXT	0	1	0	0	1	X	47651792	47659187	-	ENSG00000126756	mygene.info	GRCh38
OTUD5	0	1	0	0	1	X	48922024	48958386	-	ENSG00000068308	mygene.info	GRCh38
CCDC22	0	0	0	1	1	X	49235444	49250526	+	ENSG00000101997	mygene.info	GRCh38
MSN	1	0	0	0	1	chrX	65578377	65751936			gene_regions_bed	GRCh38
OPHN1	0	1	0	0	1	X	67949349	68434120	-	ENSG00000079482	mygene.info	GRCh38
EDA	0	1	0	0	1	X	69616067	70039472	+	ENSG00000158813	mygene.info	GRCh38
MED12	0	1	0	0	1	X	71118543	71144103	+	ENSG00000184634	mygene.info	GRCh38
CITED1	0	1	0	0	1	X	72301638	72309652	-	ENSG00000125931	mygene.info	GRCh38
SLC16A2	0	1	0	0	1	X	74421383	74533918	+	ENSG00000147100	mygene.info	GRCh38
ATP7A	0	1	0	0	1	X	77910690	78050395	+	ENSG00000165240	mygene.info	GRCh38
NOX1	1	0	0	0	1	chrX	100833324	100884464			gene_regions_bed	GRCh38
PRPS1	0	1	0	0	1	X	107628428	107651993	+	ENSG00000147224	mygene.info	GRCh38
ALG13	0	1	0	0	1	X	111665811	111760649	+	ENSG00000101901	mygene.info	GRCh38
OCRL	0	1	0	0	1	X	129539849	129592561	+	ENSG00000122126	mygene.info	GRCh38
GPC3	0	1	0	0	1	X	133535745	133987100	-	ENSG00000147257	mygene.info	GRCh38
FHL1	0	1	0	0	1	X	136146702	136211359	+	ENSG00000022267	mygene.info	GRCh38
FMR1	0	1	0	0	1	X	147911858	147951125	+	ENSG00000102081	mygene.info	GRCh38
IDS	0	1	0	0	1	X	149476988	149521096	-	ENSG00000010404	mygene.info	GRCh38
NSDHL	0	1	0	0	1	X	152830967	152869729	+	ENSG00000147383	mygene.info	GRCh38
NAA10	0	1	0	0	1	X	153929225	153935080	-	ENSG00000102030	mygene.info	GRCh38
FLNA	0	1	0	0	1	X	154348524	154374638	-	ENSG00000196924	mygene.info	GRCh38
ATP6AP1	0	1	0	0	1	X	154428618	154436517	+	ENSG00000071553	mygene.info	GRCh38
IKBKG	0	1	0	0	1	X	154541179	154565047	+	ENSG00000269335	mygene.info	GRCh38
DKC1	0	1	0	0	1	X	154762742	154777697	+	ENSG00000130826	mygene.info	GRCh38
F8A1	0	0	0	1	1	X	154886355	154888061	+	ENSG00000288722	mygene.info	GRCh38
F8A3	0	0	0	1	1	X	155456914	155458620	-	ENSG00000277150	mygene.info	GRCh38
VAMP7	0	1	0	0	1	X	155881227	155943769	+	ENSG00000124333	mygene.info	GRCh38
CSF2RA	1	0	0	0	1	chrY	1258779	1335373			gene_regions_bed	GRCh38
AC002398.9	0	0	0	1	1						not_found	
AS1	0	0	1	0	1						not_found	
ATP6V1E1 / ATP6V1E2	0	1	0	0	1						not_found	
C10ORF11	0	0	0	1	1						not_found	
C11ORF30	0	0	0	1	1						not_found	
C16ORF62	0	0	0	1	1						not_found	
C16ORF80	0	0	0	1	1						not_found	
C8ORF37	0	1	0	0	1						not_found	
C9ORF66	0	0	1	0	1						not_found	
C9ORF91	0	0	0	1	1						not_found	
CARS	0	1	0	0	1						not_found	
CCDC53	0	0	0	1	1						not_found	
CDC25A / CDC25B	0	1	0	0	1						not_found	
CTC-507E12.1	0	0	1	0	1						not_found	
DSCR3	0	0	0	1	1						not_found	
FAM57B	0	1	0	0	1						not_found	
GLTSCR1	0	0	0	1	1						not_found	
GPR89A / GPR89B	0	1	0	0	1						not_found	
H3F3A	0	1	0	0	1						not_found	
IKBKA	1	0	0	0	1						not_found	
IL8	1	0	0	0	1						not_found	
IRAK1_ACTIVE	1	0	0	0	1						not_found	
KIAA0196	0	0	0	1	1						not_found	
KIAA1033	0	0	0	1	1						not_found	
KIRREL	0	0	0	1	1						not_found	
LNC01877	0	0	1	0	1						not_found	
MATP	0	0	1	0	1						not_found	
MPP5	0	1	0	0	1						not_found	
NFAT2	1	0	0	0	1						not_found	
RP11-341G5.1	0	0	1	0	1						not_found	
SELT	0	0	0	1	1						not_found	
SMEK1	0	0	0	1	1						not_found	
TMEM30A	0	0	0	1	1						not_found	
