gene,functional_category,disease_class,LOEUF,pLI,betweenness_centrality,tissue_breadth,max_tpm,median_tpm_all,LOEUF_nfe,LOEUF_afr,LOEUF_eas,LOEUF_sas,LOEUF_asj,LOEUF_max_diverse,LOEUF_nfe_43k,LOEUF_nfe_20k,LOEUF_full,LOEUF_v4
OCA2,Pigment-specific,Isolated pigment,0.856,0.0,0.001296,21.0,10.5279,0.4695745,0.923628707533507,0.940851199670629,0.253646404926878,0.348430061504817,0.0,0.777015395374591,0.667639342904665,0.554200021723795,0.954258907184363,0.869
DCT,Pigment-specific,Isolated pigment,1.174,0.0,0.001615,9.0,24.2014,0.514391,0.798022916513411,0.624888634338806,0.202666584109883,0.918203707599878,0.0,0.744352637962401,0.804941291690666,0.818036030407164,0.793570228884251,1.101
PMEL,Pigment-specific,Isolated pigment,1.287,0.0,0.0,23.0,38.1522,0.8107530000000001,0.821144537375171,0.89735519085764,1.03750157264659,0.525576454564393,1.55625235896989,0.789705438108234,0.975681530753145,0.744294606463861,0.836716922193852,0.965
TYRP1,Pigment-specific,Isolated pigment,1.889,0.0,0.000396,8.0,40.8291,0.10801165,0.976602870042016,1.09807036275454,0.780345710892335,0.517433535896351,1.06936264085246,0.838149096884359,0.818062420252131,0.767151459741981,0.953642824436873,1.398
MLANA,Pigment-specific,Isolated pigment,1.952,0.0,0.001296,2.0,10.0225,0.180447,0.908275876921306,0.795008532269943,0.736119011361058,0.68535218299133,0.0,0.567863237335674,0.368059505680529,0.236609682223197,0.915305875968685,1.933
TYR,Pigment-specific,Isolated pigment,1.964,0.0,0.026506,2.0,7.67646,0.0,1.01898005759901,0.888154992583461,0.498353634727386,0.575023424685446,0.0,0.871222541286007,1.12693032978555,1.18725424743877,0.965608758707354,1.346
MC1R,Pigment-specific,Isolated pigment,1.967,0.0,0.016532,53.0,53.8772,5.004695,2.43609466658034,2.29377036104558,0.7397409414372,2.25875096622046,1.05677277348171,2.27612597365292,1.32490914884275,1.71810799301543,2.68536095179258,1.933
SOX10,Developmental/NC,Syndromic/developmental,0.209,0.99166,0.0,,,,0.294547206402559,0.0,0.0,0.0,0.0,0.133623854611893,0.413477587855667,0.270547063658647,0.25964824829799,0.248
TFAP2A,Developmental/NC,Syndromic/developmental,0.261,0.98964,0.039932,15.0,63.1613,0.3253175,0.362640593933509,0.210036181101761,0.53559226180949,0.0,1.78530753936497,0.184686986830859,0.279439440944082,0.30174211932929,0.302069388439192,0.334
KIT,Developmental/NC,Syndromic/developmental,0.305,0.98087,0.067583,46.0,44.4616,7.6505,0.307279112311879,0.0676839221172904,0.0,0.0,0.0,0.107347095136461,0.1266744964397,0.237548733108426,0.256936053862724,0.24
MITF,Developmental/NC,Syndromic/developmental,0.308,0.98119,0.082398,49.0,70.7649,7.50488,0.402541367620698,0.0,0.0,0.268885054152888,0.0,0.22672784539901,0.304193192577004,0.387582060040199,0.353690355238477,0.482
KITLG,Developmental/NC,Syndromic/developmental,0.419,0.85024,0.061606,51.0,65.552,7.179690000000001,0.597061241251639,0.0,0.453393380075463,0.207265545177355,0.0,0.302262253383642,0.713537122741713,0.906786760150926,0.485237062288121,0.581
PAX3,Developmental/NC,Syndromic/developmental,0.475,0.24063,0.0,9.0,4.62526,0.0141223,0.314177264449909,0.223275309269069,0.418641204879504,0.452585086356221,0.0,0.250469096936455,0.110168738126185,0.188153350507642,0.303267644479641,0.409
EDNRB,Developmental/NC,Syndromic/developmental,0.593,0.009242,0.061938,52.0,73.2046,15.1266,0.518595136310743,0.424151794413502,0.644082354479762,0.248431765299337,0.0,0.365682271351827,0.118300840618732,0.106037948603375,0.54433978228685,0.585
EDN1,Developmental/NC,Syndromic/developmental,0.635,0.45504,0.047435,53.0,64.4625,8.986565,0.66648100853458,0.0,0.0,0.564170327399886,0.0,0.510439820028468,0.959931601844582,0.669952263787365,0.6468504615878,0.84
PRKCB,Generic signaling,Not classified,0.081,1.0,0.051497,42.0,101.317,3.37526,0.261392634172669,0.0,0.197548653191876,0.103264068713935,0.0,0.108181405319361,0.0531417429638965,0.0882256121051097,0.253908121896617,0.241
STAT3,Generic signaling,Syndromic/developmental,0.095,1.0,0.01151,54.0,172.983,83.3811,0.18889950680944,0.0,0.281460265146066,0.132764276012295,0.0,0.156366813970037,0.113492042397607,0.27775684060467,0.179010931844367,0.109
PIK3CA,Generic signaling,Syndromic/developmental,0.117,1.0,0.05303,54.0,23.1876,9.591695,0.165276129262567,0.0949336936248657,0.0,0.0,0.0,0.0526262866833494,0.10086704947642,0.0620720304470275,0.151827753915726,0.221
CTNNB1,Generic signaling,Syndromic/developmental,0.129,0.99999,0.003889,54.0,297.537,104.592,0.18386358683652,0.0,0.0,0.122495818609467,0.0,0.0712044659897397,0.152688449956871,0.0812050932354897,0.172077459475204,0.139
NFKB1,Generic signaling,Other Mendelian,0.138,1.0,0.214664,54.0,98.0008,22.53485,0.246363396171335,0.171550291462425,0.0,0.34310058292485,0.584343180293885,0.167954926072494,0.290873049746289,0.130762110275555,0.255858359444529,0.178
PRKCD,Generic signaling,Not classified,0.171,0.99995,0.061557,54.0,133.745,25.7949,0.472038550178085,0.0975848925848926,0.0,0.0,0.0,0.0746237413884473,0.371946606292156,0.0874899036968002,0.427164058107454,0.344
MAPK1,Generic signaling,Not classified,0.175,0.99698,0.029841,54.0,62.4546,27.9934,0.371640928029736,0.0,0.0,0.0,0.0,0.0,0.0,0.0,0.318331778517274,0.377
STAT1,Generic signaling,Not classified,0.187,0.99999,0.00175,54.0,501.452,33.23665,0.363103511747672,0.0,0.0,0.0974960663153267,0.0,0.0732457757089764,0.157986326437975,0.0775775151326255,0.324256580104907,0.271
MAPK8,Generic signaling,Not classified,0.207,0.99823,0.026018,54.0,32.1608,9.155415,0.577820961138222,0.243880295321788,0.505180611737989,0.186119172745575,0.0,0.312943741784595,0.0968839529360526,0.288674635278851,0.534897118310812,0.532
JAK1,Generic signaling,Syndromic/developmental,0.214,0.99998,0.009681,54.0,139.896,58.1496,0.222810798160015,0.0,0.0,0.158274511930181,0.0,0.0518075729741433,0.0353522987712904,0.0,0.211510768341665,0.168
MAP3K1,Generic signaling,Not classified,0.214,0.99998,0.015885,54.0,37.2243,5.955629999999999,0.285096957660303,0.0,0.0,0.0,0.0,0.0658381570354454,0.169035640388678,0.166879573546986,0.23608422609403,0.355
MAP2K4,Generic signaling,Not classified,0.22,0.99709,0.002671,54.0,62.9933,20.62455,0.35388052002989,0.163553332448025,0.0,0.0,0.0,0.107155631603878,0.221965236893748,0.117264653453301,0.325093700804382,0.216
CREB1,Generic signaling,Not classified,0.223,0.99673,0.076145,54.0,20.6387,10.47415,0.292747371733559,0.204647849205591,0.539526147905649,0.0,0.0,0.179842049301883,0.204647849205591,0.174552577263592,0.290046011844014,0.189
MAP2K7,Generic signaling,Not classified,0.232,0.99552,0.004845,54.0,66.0568,35.3835,0.341261283573823,0.0,0.0,0.137452461439457,0.0,0.168917482732826,0.329885907454696,0.201728792328411,0.305339043197631,0.454
PRKG1,Generic signaling,Not classified,0.235,0.99938,0.010222,49.0,69.3241,3.094865,0.471493894556316,0.107251907882591,0.217855437886512,0.0,0.0,0.227636702444682,0.149120299729805,0.357506359608635,0.425808355869092,0.534
SRC,Generic signaling,Not classified,0.244,0.99691,0.00722,54.0,59.3292,18.4398,0.145352441809471,0.0,0.0,0.0,0.0,0.0,0.0970507073004776,0.0,0.122253797956028,0.383
WNT5A,Generic signaling,Syndromic/developmental,0.269,0.98732,0.0,41.0,128.426,2.30215,0.407429100221716,0.0,0.817404632319818,0.290632758158157,0.0,0.198158698744198,0.253950953730429,0.0,0.380590516635682,0.437
ATF2,Generic signaling,Not classified,0.283,0.99131,0.0,54.0,48.2523,19.74245,0.48178258533241,0.0,0.392402105700606,0.381190616966303,1.66770894922757,0.319834593002548,0.396287275063978,0.555902983075858,0.425798029590019,0.539
PDPK1,Generic signaling,Not classified,0.29,0.98013,0.026079,54.0,34.4443,14.2306,0.514407427109755,0.0,0.0,0.0,0.0,0.224619954694826,0.503909316352413,0.58072476091833,0.425716491401176,0.333
HIF1A,Generic signaling,Not classified,0.309,0.9777,0.007057,54.0,503.882,53.7147,0.357528088532856,0.273191397417263,0.0,0.0,0.0,0.157243885722727,0.0970548385561328,0.143861427363346,0.326599245672139,0.353
AKT1,Generic signaling,Other Mendelian,0.315,0.9759,0.063527,54.0,88.7644,50.03905,0.480075192773674,0.0,0.0,0.0,0.876137226811954,0.108388110533438,0.22691323859878,0.106198451734782,0.431771939291312,0.474
PRKACA,Generic signaling,Other Mendelian,0.318,0.97142,0.035949,54.0,143.526,64.73804999999999,0.298136951564525,0.0,0.0,0.0,2.6086983261896,0.0821637268091212,0.206629570391255,0.0,0.295324338813917,0.338
MAP2K2,Generic signaling,Other Mendelian,0.325,0.96673,0.012941,54.0,196.936,89.9879,0.833174552768074,0.0,0.3955475149505,0.167347025555981,0.0,0.499904731660845,0.507619310853142,0.742857528077768,0.785146946969413,0.858
GSK3B,Generic signaling,Other Mendelian,0.334,0.95571,0.002297,54.0,35.7504,14.81065,0.236313272408732,0.161948955916473,0.0,0.0,1.06886310904872,0.158742045898325,0.0732098019896386,0.109067664188645,0.242189526219499,0.512
MAP3K5,Generic signaling,Not classified,0.34,0.51964,0.010876,54.0,137.493,17.52765,0.393534118692243,0.0633066179947533,0.0,0.271314077120371,0.419822835123101,0.226287485598267,0.322288237064199,0.220349001860191,0.376440003503383,0.433
ELK1,Generic signaling,Not classified,0.341,0.93711,0.005185,54.0,80.1056,20.15495,0.239702949750222,0.0,1.57343474707838,0.0,0.0,0.187657355156137,0.0,0.0,0.212332024692238,
EGFR,Generic signaling,Syndromic/developmental,0.349,0.36837,0.031066,52.0,78.3374,14.84585,0.510214757438955,0.143725779988567,0.11394050321462,0.223182428977092,0.298602698079695,0.230919419848297,0.256750028807069,0.271669905703879,0.46952558771488,0.475
RAF1,Generic signaling,Other Mendelian,0.354,0.85295,0.029684,54.0,152.168,87.14685,0.309484051105896,0.188381596325328,0.0,0.0,0.0,0.0690110798419519,0.093558645154861,0.0,0.294844292048949,0.353
MAP2K6,Generic signaling,Not classified,0.359,0.91334,0.011405,40.0,19.0788,1.509395,0.23684664350508,0.160266228771771,0.0,0.267110381286285,0.0,0.141411378328033,0.0,0.165792650453556,0.229947197802976,0.637
MAP2K1,Generic signaling,Other Mendelian,0.377,0.89669,0.012941,54.0,99.1303,33.9975,0.623295784312356,0.199991731247615,0.0,0.0,0.0,0.151345093917114,0.299987596871423,0.195340760753485,0.566847729057658,0.515
PRKCH,Generic signaling,Not classified,0.388,0.42878,0.017467,54.0,30.8358,5.449595,0.411065241798876,0.148825427904292,0.0,0.189069038511065,0.0,0.224591100291931,0.317635984698589,0.301280744294054,0.379017059070065,0.467
PRKCZ,Generic signaling,Not classified,0.4,0.541,0.04694,44.0,98.4937,5.146075,0.750864633477675,0.41970822521746,0.328771443087011,0.663068456646072,0.0,0.497111460337748,0.420347050522206,0.308223227894073,0.735712320194709,0.576
RAC1,Generic signaling,Not classified,0.467,0.76228,0.048575,54.0,372.568,204.103,0.322773520118335,0.0,1.31876038219777,0.347042205841518,0.0,0.286687039608211,0.460032691464338,0.659380191098885,0.293991168005872,0.25
MAPK14,Generic signaling,Not classified,0.473,0.37466,0.023347,54.0,72.3676,27.40425,0.47530306813138,0.153633314951557,0.0,0.422491616116783,0.0,0.349648234027682,0.281661077411188,0.389992261030876,0.456747693099224,0.564
CDC42,Generic signaling,Not classified,0.501,0.78728,0.025653,54.0,227.04,101.3925,0.242937043692396,0.0,0.0,0.0,0.0,0.0,0.0,0.0,0.223849133116565,0.611
RPS6KA1,Generic signaling,Not classified,0.515,0.001906,0.009025,53.0,180.978,9.792355,0.649479219225303,0.303225610475814,0.564140670652676,0.473790016368459,0.0,0.488165069496666,0.237824008216324,0.291096586056781,0.689468905490249,0.694
RAP1A,Generic signaling,Not classified,0.537,0.62227,0.024072,54.0,121.123,28.56365,0.423362923458158,0.0,0.0,0.0,3.38690338766527,0.141120974486053,0.398459222078267,0.0,0.36369432350768,0.433
PAK1,Generic signaling,Not classified,0.563,0.001331,0.004659,54.0,161.854,28.0499,0.595168037541609,0.263104587005916,0.0,0.457443202408013,0.670916696865086,0.370160936201427,0.521100347079679,0.216424740924221,0.609924269877351,0.705
USF1,Generic signaling,Not classified,0.585,0.023545,0.006395,54.0,170.512,56.2528,0.499568977194221,0.300827405832172,0.0,0.194082197311079,0.0,0.162609408557931,0.4120923367564,0.0,0.485808233020899,0.658
MAPK3,Generic signaling,Not classified,0.614,0.036884,0.029841,54.0,123.148,68.5799,1.2439223055881,0.228152489572543,0.0,0.417470512834866,1.78373764574897,0.717845637923368,1.00423024937836,0.957127517231157,1.17975053152385,0.935
FZD3,Generic signaling,Not classified,0.62,0.000436,0.001368,44.0,10.4077,2.8345700000000003,0.456043897590834,0.398282369447698,0.0,0.261021213875328,0.0,0.315902597305525,0.163832464028131,0.358145386480101,0.446815810985812,0.514
FOS,Generic signaling,Not classified,0.645,0.26176,0.036119,54.0,1112.22,124.9305,0.625752929181235,0.249699486163666,0.564537968717853,0.0,0.0,0.272399439451272,0.0,0.212858578369027,0.557409964062324,0.581
MAP2K3,Generic signaling,Not classified,0.663,0.022009,0.011405,54.0,171.079,30.86735,0.928955415447636,0.822979194922251,0.432865680446119,0.489706628383488,0.448897742684864,0.725565331033495,0.54229257505554,0.766222009065544,0.91584987355815,0.993
RHOA,Generic signaling,Not classified,0.664,0.60405,0.001642,54.0,994.224,375.891,0.796850936176852,0.866575393092326,0.0,0.0,,0.330123959273267,0.0,0.0,0.777488203148255,0.433
MAP4K2,Generic signaling,Not classified,0.689,0.0,0.000284,54.0,43.516,8.653815,0.690570821534514,0.114965961684571,0.379387673559085,0.123378105222467,0.0,0.326561541797693,0.516728731012374,0.479226535022002,0.621947005834566,0.867
HRAS,Generic signaling,Other Mendelian,0.926,0.079774,0.030908,54.0,107.711,43.74565,0.922801842444746,0.855514208099817,1.61037968583495,1.19028063735627,0.0,1.44779327524584,1.18293322601456,1.84264598667653,1.01054027265482,0.893
JUN,Generic signaling,Not classified,1.02,0.05962,0.04388,54.0,528.967,118.131,0.232702901510314,0.0,1.0642735642604,0.0,0.0,0.128316670868276,0.22064208039545,0.0,0.241235341232358,0.716
TNFRSF1A,Cytokines/growth factors,Not classified,0.236,0.9949,0.079,54.0,161.99,89.53985,0.855455397317792,0.610140981910484,0.381338113694052,0.498672917907607,1.17868144232707,0.668854945447505,0.729309142439875,0.840356213510967,0.820039909448065,0.382
HGF,Cytokines/growth factors,Syndromic/developmental,0.25,0.99947,0.0,36.0,16.0997,1.627255,0.292905803948745,0.0828810540585191,0.0,0.0677056497942832,0.0,0.110254613197113,0.120177528384853,0.160236704513137,0.26623944749875,0.471
MET,Cytokines/growth factors,Syndromic/developmental,0.305,0.96998,0.018428,41.0,21.256,4.8491,0.417824641816394,0.0448807063788673,0.0,0.0462244401027855,0.0,0.126808730959592,0.19481341317767,0.233923681732278,0.356463566485296,0.446
TNF,Cytokines/growth factors,Not classified,0.487,0.8033,0.077171,8.0,133.014,0.253657,0.393628980359892,0.639647093084825,0.0,0.0,0.0,0.305503089234543,0.0,0.0,0.401347195661067,0.592
CSF2,Cytokines/growth factors,Not classified,0.505,0.83468,0.012213,1.0,1.15807,0.0,0.404521049162664,0.44197670186291,0.0,0.0,0.0,0.372917842196831,0.0,0.361617301524199,0.423169182634702,0.619
IL1R1,Cytokines/growth factors,Not classified,0.506,0.15126,0.011306,54.0,188.511,31.099400000000003,0.631582709292292,0.3002306212288,0.0,0.351117167199783,0.0,0.292597639333152,0.16184306925615,0.141889814142378,0.601707012670167,0.629
NGF,Cytokines/growth factors,Syndromic/developmental,0.528,0.82026,0.006879,43.0,33.4683,2.912185,0.476930988190462,0.0,0.0,0.94142029842813,0.0,0.37332184248012,0.0,0.0,0.576306722611897,0.67
NTRK1,Cytokines/growth factors,Syndromic/developmental,0.658,2e-06,0.006605,20.0,5.67394,0.6308929999999999,0.861046399637155,0.0809832416640662,0.336890285322515,0.222942100581076,0.435633989641183,0.31298928535031,0.455630303919795,0.371570167635127,0.781194864515977,0.954
IL6,Cytokines/growth factors,Not classified,0.753,0.31536,0.006022,34.0,54.435,1.45554,0.484723235689695,0.478172921693889,0.0,0.226825616700947,1.47436650855616,0.372471539003661,0.166909416062961,0.0,0.460396976649506,0.881
IL6R,Cytokines/growth factors,Not classified,0.813,3.2e-05,0.007851,54.0,67.242,10.070495,0.980932560889023,0.230864962195331,0.0,0.596870390065978,0.0,0.428492556292502,0.734150579781153,0.484587841439705,0.926305015568943,0.965
IL12A,Cytokines/growth factors,Not classified,0.815,0.04746,0.001582,23.0,7.35502,0.8184945,0.562356245778062,0.0,0.0,0.6029708635287,0.0,0.203248605683831,0.328893198288382,0.0,0.521085931444556,1.132
IL10,Cytokines/growth factors,Not classified,1.039,0.005887,0.000821,12.0,8.84863,0.274526,0.53379121281101,0.0,0.0,0.0,0.0,0.154373421169757,0.342516028220398,0.391446889394741,0.437254504111146,0.711
IL1A,Cytokines/growth factors,Not classified,1.309,0.00016,0.009477,5.0,18.273,0.0817587499999999,0.609284370769431,0.879488743893266,0.594948267927797,0.252853013869314,0.0,0.548828247158201,0.55419838656288,0.190832463297595,0.661053631030886,0.922
IL8,Cytokines/growth factors,Not classified,1.861,0.000274,0.000821,,,,,,,,,,,,,
CFLAR,Apoptosis/cell death,Other Mendelian,0.173,0.99967,0.000446,54.0,68.0345,26.4796,0.412837084626362,0.383655253280631,1.42500522647092,0.623439786581026,0.554168699183134,0.359924000500386,0.506544826597083,0.286638982336104,0.402535925194048,0.397
MCL1,Apoptosis/cell death,Not classified,0.29,0.96349,0.0,54.0,474.739,181.2355,0.431530628952985,0.0,0.0,0.199656139413768,0.0,0.272896833771582,0.0,0.528959122602709,0.382439929017921,0.395
BCL2L1,Apoptosis/cell death,Not classified,0.341,0.93667,0.001714,54.0,185.28,82.8615,0.0,0.0,0.0,0.0,0.0,0.0,0.0,0.0,0.0,0.261
FAS,Apoptosis/cell death,Other Mendelian,0.441,0.8117,0.005041,52.0,75.4398,10.9865,0.427459854017114,0.408029860652699,0.0,0.0,0.0,0.24481791639162,0.098644581696257,0.20401493032635,0.411773253869697,0.372
TP53,Apoptosis/cell death,Other Mendelian,0.469,0.53235,0.025518,54.0,72.9493,14.6837,0.434786227306151,0.541357889036832,0.728751004472659,0.296055095567018,1.18422038226807,0.479684205475674,0.298386238051797,0.252633681550522,0.487919127458089,0.449
CASP3,Apoptosis/cell death,Other Mendelian,0.686,0.10017,0.058861,54.0,73.5942,15.6612,0.506679260502311,0.0,0.0,0.309790308731032,0.0,0.356258855040687,0.628692097130625,0.814305954378714,0.457842705273172,0.859
BCL2,Apoptosis/cell death,Other Mendelian,0.712,0.55903,0.002648,51.0,49.6889,4.623810000000001,0.497504535906638,0.0,0.0,0.0,0.0,0.0,0.0,0.0,0.407049165741794,0.368
FASLG,Apoptosis/cell death,Not classified,0.716,0.18345,0.003212,3.0,5.80301,0.1188024999999999,0.330399132696842,0.0,0.0,0.0,1.46319615908602,0.178128228062645,0.15062313402356,0.179690756378984,0.280612962016496,0.606
BAX,Apoptosis/cell death,Not classified,0.751,0.31746,0.006247,54.0,212.862,36.0124,1.16884330286011,0.826159698157939,0.649125477124095,0.556393266106367,0.0,0.61496097832809,0.989755677991194,0.577000424110307,1.04662366255402,1.245
CASP8,Apoptosis/cell death,Other Mendelian,0.811,4e-06,0.019349,40.0,26.7348,4.322735,0.961918075776198,0.383392195011913,0.591757518387953,0.300229917417417,1.36104229229229,0.58330383955384,1.00404759267464,0.80491748468899,0.856684421566957,0.695
CASP9,Apoptosis/cell death,Not classified,0.974,7e-06,0.014932,54.0,56.4885,8.279085,0.911606593479517,0.299044470624877,0.66883064397822,1.06024857767002,0.609816175391907,0.637961537333072,0.802596772773864,0.475544723929468,0.907537877182568,0.994
DFFB,Apoptosis/cell death,Not classified,1.08,1.1e-05,0.004969,54.0,22.1073,5.53007,1.23217262518836,1.70391871597476,0.0,1.32772886959072,1.05614796444717,1.14966106546592,1.37216074121088,0.546711887478533,1.31567150271944,1.143
DFFA,Apoptosis/cell death,Not classified,1.161,8.7e-05,0.0,54.0,27.7305,12.9309,1.14946809752226,1.18595914823725,0.53130969841029,0.699091708434592,1.32827424602573,1.06975107062475,0.860918492794452,0.43549975279532,1.19111549236003,0.784
BAK1,Apoptosis/cell death,Not classified,1.369,7e-06,0.013534,54.0,56.6773,14.01105,1.32436414225999,0.505597706731733,0.0,0.547730848959377,0.0,0.737133105141592,1.21343449615616,1.34443026562756,1.15023478281469,1.197
BAD,Apoptosis/cell death,Not classified,1.533,0.004624,0.007595,54.0,70.8418,47.9799,1.13038907635574,0.965316385840298,0.0,0.556913299523249,0.0,0.703153122779354,0.976162637366594,0.552193695290001,1.13960962217257,1.889
BBC3,Apoptosis/cell death,Not classified,1.589,0.003976,0.000238,54.0,18.8635,6.668480000000001,0.891666408497018,0.25944808541552,0.0,1.14982674218242,0.0,0.700509830621905,0.758885649840397,0.857497909424177,0.805611093248829,1.293
PMAIP1,Apoptosis/cell death,Not classified,1.848,0.11182,0.003967,37.0,188.434,1.551155,2.44356000071367,1.78280142909212,0.0,0.0,0.0,1.15551944478193,2.58836355631152,1.18853428606141,2.17447750063508,1.855
BID,Apoptosis/cell death,Not classified,1.917,0.0,0.003171,54.0,74.762,13.7229,1.73438174382991,1.60944746567267,1.75847037916088,1.03214565733356,1.75847037916088,1.7202427622226,1.58262334124479,1.81612514569074,1.70720302116785,1.553
MSN,Other,Not classified,0.13,0.99967,0.003457,54.0,365.937,93.5317,0.144048333554081,0.0,0.0,0.0,0.0,0.0,0.0,0.0,0.121470224846545,
PPP3CA,Other,Other Mendelian,0.158,0.99988,0.001635,54.0,183.152,22.0106,0.226172012339828,0.136850456741852,0.0,0.0,0.0,0.099922555716273,0.161413359233979,0.121060019425485,0.213116075863614,0.243
PTGS2,Other,Not classified,0.263,0.99597,0.036779,43.0,21.8843,1.727645,0.319019480081091,0.0,0.0,0.0,0.0,0.0385842273888614,0.0641989665797862,0.0848853002554951,0.27387521403188,0.33
CDH2,Other,Not classified,0.29,0.99171,0.0,41.0,67.453,6.6237200000000005,0.188862155554909,0.0739194092438271,0.214718283993974,0.227348771287737,0.429436567987948,0.162489512211656,0.168563886499942,0.255834551141756,0.185093526453186,0.336
PTGER4,Other,Not classified,0.3,0.9755,0.013502,40.0,24.3929,5.3776150000000005,0.346414279093361,0.227107263391626,0.0,0.0,0.0,0.0679776842804868,0.109810105376171,0.0,0.32086714277349,0.546
PIAS3,Other,Not classified,0.301,0.98499,0.0,54.0,104.672,37.98775,0.734793639222289,0.144077184161233,0.476255136532965,0.0,0.857259245759337,0.266045972821863,0.329715094522822,0.389663293526971,0.648545509171438,0.703
RDX,Other,Not classified,0.348,0.85245,0.000864,54.0,182.218,25.14315,0.571112950973694,0.26359059275709,0.0,0.0734288079823321,0.0,0.168131382763284,0.344967554279413,0.115505990084567,0.526494751678874,0.542
SPTLC2,Other,Other Mendelian,0.39,0.78035,0.009789,54.0,49.8686,13.103000000000002,0.483800306669056,0.118678713725156,0.0,0.0,0.0,0.123310078163211,0.394977594116534,0.195957876150839,0.417965708059825,0.494
CCND1,Other,Not classified,0.41,0.89057,0.00252,53.0,202.003,22.40565,0.319173600477218,0.0,0.0,0.303328102581186,0.0,0.116855908371441,0.352010390649772,0.0,0.307061371536032,0.609
GUCY1A2,Other,Not classified,0.434,0.31409,0.012109,39.0,16.0488,1.581515,0.37905604879792,0.0,0.180237434967638,0.258067236430936,0.0,0.154489229972261,0.0445292486390636,0.114696549524861,0.346644769727364,0.704
GAB1,Other,Not classified,0.439,0.18433,0.035806,54.0,41.299,8.220265000000001,0.406179704346057,0.0,0.0,0.089161398514988,0.0,0.120349542028461,0.31986651717252,0.23840982646399,0.347152150189292,0.503
EZR,Other,Not classified,0.44,0.17989,0.000864,54.0,351.107,80.3966,0.87625573492792,0.175946375826235,0.0,0.0828414186181856,0.0,0.230419839865152,0.420040995810519,0.27050259140632,0.809611728017515,0.697
RYR1,Other,Syndromic/developmental,0.456,0.0,0.016821,22.0,423.538,0.861658,0.636603525683519,0.163052714027432,0.17065744949621,0.218525504023993,0.299034900243359,0.31196310081779,0.388115993030372,0.336983491644801,0.598305520887352,0.644
CDK2,Other,Not classified,0.485,0.61054,0.0,54.0,64.4682,16.6147,0.399336800332187,0.0,0.0,0.0,0.0,0.197681649915685,0.236511974006265,0.473023948012531,0.35007939764804,0.39
PTGER3,Other,Not classified,0.579,0.37217,0.015133,28.0,73.0253,1.261975,1.15864382663237,1.0210055142184,0.504121472645334,0.983651653942116,1.34432392705422,0.747423341682658,1.0974072873912,0.44399689333901,1.19680151774843,0.778
ICAM1,Other,Not classified,0.618,0.035295,0.0,53.0,217.444,14.7022,0.989563125021377,0.286651383315952,0.0,0.12587734658657,0.0,0.46199664438688,0.708060074549458,0.736062450379097,0.904743428590973,0.876
CDK4,Other,Not classified,0.642,0.062909,0.002808,54.0,154.326,46.039,0.405271926692848,0.474464694664797,0.0,0.463167916220397,0.0,0.412640507178172,0.0997592434936241,0.254288267728846,0.463167916220397,0.61
NOS2,Other,Not classified,0.755,0.0,0.012598,12.0,4.64759,0.5601240000000001,0.883006258525625,0.16644667973208,0.131405273472695,0.232251181021507,0.0,0.462708916629721,0.707030143994677,0.752143992094756,0.795006885755956,0.858
ADCY4,Other,Not classified,0.892,0.0,0.049397,53.0,81.2412,13.6515,0.754650243363955,0.431228710493689,0.143206549380367,0.754650243363955,0.479741940424229,0.612436519690504,0.639655920565638,0.648299919492201,0.758697317923301,1.089
F7,Other,Not classified,0.902,1.3e-05,0.0,8.0,83.6402,0.2627035,0.990782161067604,0.531689085402636,0.589481377294226,0.746315872170672,0.0,0.774746953015269,0.745693942277197,0.656035726343575,1.01907074702172,1.113
CYCS,Other,Not classified,0.914,0.63647,0.042746,54.0,131.937,41.40375,0.780499692898098,0.0,0.0,0.0,0.0,0.0,0.679034732821345,0.0,0.659257022156646,0.335
DUSP1,Other,Not classified,0.917,0.010151,0.054703,54.0,1984.27,416.499,0.617645018853916,0.148487549289688,0.0,0.0,0.0,0.0564086779424514,0.302914600550964,0.0,0.536132036373388,0.691
F10,Other,Not classified,0.97,2e-06,0.0,45.0,75.531,6.5552,0.970967396396541,0.388064244010583,0.503270816451225,0.453652566941949,0.0,1.00654163290245,0.952938824049656,1.37326610380489,0.950828996394933,0.968
SPTLC1,Other,Other Mendelian,0.978,0.0,0.009789,54.0,55.6405,19.4993,0.693076797787136,1.38578958465106,0.581689455285632,0.254489136687464,0.0,1.01373266066376,0.439757228195938,0.624655153687412,0.885508668919949,1.068
PTGER2,Other,Not classified,0.982,0.00749,0.013502,35.0,54.8665,2.17047,1.111570935139,0.203788004775483,0.719251781560529,0.254735005969354,0.0,0.509470011938708,0.623840830945357,0.752448017632554,0.976998182700864,1.241
NOX1,Other,Not classified,1.064,0.0,0.023568,4.0,26.5133,0.3318355,0.565780372549313,0.433548178198707,0.440540890750299,1.04161786880791,0.0,0.588090471384371,0.420208234254132,0.371107815577698,0.608006777302639,
SMPD1,Other,Not classified,1.085,0.0,0.016409,54.0,79.4135,36.39075,1.16125386527949,0.771770294708336,0.233246133511853,0.755113381872904,1.45778833444908,0.892198324908726,0.989213512661875,0.880174088723972,1.19289538799684,1.057
CSF2RA,Other,Not classified,1.119,0.0,0.010672,39.0,47.509,1.49715,0.456254158682663,0.371938934127297,0.252091944241835,0.127105181970673,0.0,0.280102160268705,0.321060495024978,0.217633333158419,0.467681887507476,
GADD45A,Other,Not classified,1.131,0.044075,6e-05,54.0,284.633,33.7057,0.927989698475944,0.516721536651378,0.0,0.0,0.0,0.172240512217126,0.258360768325689,0.0,0.83967249705849,0.781
F2RL1,Other,Not classified,1.327,0.000148,0.024043,28.0,61.6712,1.152045,0.81695961429702,0.174308193567683,0.0,0.412647968445944,2.69596672718017,0.847925019032472,0.673991681795042,1.37861934912622,0.751974190432485,0.989
CDKN1A,Other,Not classified,1.375,0.001857,0.002607,54.0,417.829,92.4123,0.789486906798601,0.451135375313486,0.0,0.317204560767295,0.0,0.418579214208389,0.909004114437621,0.247574291330572,0.813958872912304,1.492
MMP1,Other,Not classified,1.525,0.0,0.000122,6.0,51.8537,0.05628425,0.714736694415864,0.75400794136179,1.1967684185568,0.571789355532691,1.31951389738313,0.798653148416107,0.997307015463996,1.03239744748958,0.719632151226931,1.291
SMPD2,Other,Not classified,1.583,0.0,0.011324,54.0,149.658,12.36355,0.899357620820276,0.525643521012619,1.7451364897619,0.894941789621485,0.969520272089943,0.911115436421874,0.690521632639599,1.08032258890022,0.884989145163951,1.046
PTGER1,Other,Not classified,1.584,0.000973,0.015133,15.0,37.0692,0.6076980000000001,1.69216083942997,2.2069634477492,0.0,1.92401941598648,3.12653155097803,1.80376820248733,1.79944261926793,0.915082405164303,1.87591893058682,1.889
TPSAB1,Other,Not classified,1.95,0.0,0.0,36.0,92.6011,3.47465,1.06042921990967,0.436530073609433,0.0,0.654795110414149,0.0,0.835749884517205,0.58204009814591,0.828667258377229,1.01454420269702,1.9
